experiment	scale_key	cell_key	metric	value
retention	all_healthy_n5	push_c0_healthy	lag_t0_bytes	224.000000
retention	all_healthy_n5	push_c0_healthy	lag_t5_bytes	169536.000000
retention	all_healthy_n5	push_c0_healthy	lag_t10_bytes	336272.000000
retention	all_healthy_n5	push_c0_healthy	lag_t15_bytes	503272.000000
retention	all_healthy_n5	push_c0_healthy	lag_t20_bytes	686096.000000
retention	all_healthy_n5	push_c0_healthy	lag_t25_bytes	993912.000000
retention	all_healthy_n5	push_c0_healthy	lag_t30_bytes	1196432.000000
retention	all_healthy_n5	push_c0_healthy	lag_t35_bytes	1362752.000000
retention	all_healthy_n5	push_c0_healthy	lag_t40_bytes	1526368.000000
retention	all_healthy_n5	push_c0_healthy	lag_t45_bytes	1689624.000000
retention	all_healthy_n5	push_c0_healthy	lag_t50_bytes	2128608.000000
retention	all_healthy_n5	push_c0_healthy	lag_t55_bytes	2300152.000000
retention	all_healthy_n5	push_c0_healthy	lag_t60_bytes	2586760.000000
retention	all_healthy_n5	push_c0_healthy	lag_t65_bytes	2793272.000000
retention	all_healthy_n5	push_c0_healthy	lag_t70_bytes	2959384.000000
retention	all_healthy_n5	push_c0_healthy	lag_t75_bytes	3124512.000000
retention	all_healthy_n5	push_c0_healthy	lag_t80_bytes	3287712.000000
retention	all_healthy_n5	push_c0_healthy	lag_t85_bytes	3455928.000000
retention	all_healthy_n5	push_c0_healthy	lag_t90_bytes	3585912.000000
retention	all_healthy_n5	push_c0_healthy	lag_end_bytes	3585912.000000
retention	all_healthy_n5	push_c0_healthy	lag_max_bytes	3585912.000000
retention	all_healthy_n5	push_c1_healthy	lag_t0_bytes	168.000000
retention	all_healthy_n5	push_c1_healthy	lag_t5_bytes	169480.000000
retention	all_healthy_n5	push_c1_healthy	lag_t10_bytes	336216.000000
retention	all_healthy_n5	push_c1_healthy	lag_t15_bytes	503216.000000
retention	all_healthy_n5	push_c1_healthy	lag_t20_bytes	686040.000000
retention	all_healthy_n5	push_c1_healthy	lag_t25_bytes	993856.000000
retention	all_healthy_n5	push_c1_healthy	lag_t30_bytes	1196376.000000
retention	all_healthy_n5	push_c1_healthy	lag_t35_bytes	1362696.000000
retention	all_healthy_n5	push_c1_healthy	lag_t40_bytes	1526312.000000
retention	all_healthy_n5	push_c1_healthy	lag_t45_bytes	1689568.000000
retention	all_healthy_n5	push_c1_healthy	lag_t50_bytes	2128552.000000
retention	all_healthy_n5	push_c1_healthy	lag_t55_bytes	2300096.000000
retention	all_healthy_n5	push_c1_healthy	lag_t60_bytes	2586704.000000
retention	all_healthy_n5	push_c1_healthy	lag_t65_bytes	2793216.000000
retention	all_healthy_n5	push_c1_healthy	lag_t70_bytes	2959328.000000
retention	all_healthy_n5	push_c1_healthy	lag_t75_bytes	3124456.000000
retention	all_healthy_n5	push_c1_healthy	lag_t80_bytes	3287656.000000
retention	all_healthy_n5	push_c1_healthy	lag_t85_bytes	3455872.000000
retention	all_healthy_n5	push_c1_healthy	lag_t90_bytes	3585856.000000
retention	all_healthy_n5	push_c1_healthy	lag_end_bytes	3585856.000000
retention	all_healthy_n5	push_c1_healthy	lag_max_bytes	3585856.000000
retention	all_healthy_n5	push_c2_healthy	lag_t0_bytes	112.000000
retention	all_healthy_n5	push_c2_healthy	lag_t5_bytes	169424.000000
retention	all_healthy_n5	push_c2_healthy	lag_t10_bytes	336160.000000
retention	all_healthy_n5	push_c2_healthy	lag_t15_bytes	503160.000000
retention	all_healthy_n5	push_c2_healthy	lag_t20_bytes	685984.000000
retention	all_healthy_n5	push_c2_healthy	lag_t25_bytes	993800.000000
retention	all_healthy_n5	push_c2_healthy	lag_t30_bytes	1196320.000000
retention	all_healthy_n5	push_c2_healthy	lag_t35_bytes	1362640.000000
retention	all_healthy_n5	push_c2_healthy	lag_t40_bytes	1526256.000000
retention	all_healthy_n5	push_c2_healthy	lag_t45_bytes	1689512.000000
retention	all_healthy_n5	push_c2_healthy	lag_t50_bytes	2128496.000000
retention	all_healthy_n5	push_c2_healthy	lag_t55_bytes	2300040.000000
retention	all_healthy_n5	push_c2_healthy	lag_t60_bytes	2586648.000000
retention	all_healthy_n5	push_c2_healthy	lag_t65_bytes	2793160.000000
retention	all_healthy_n5	push_c2_healthy	lag_t70_bytes	2959272.000000
retention	all_healthy_n5	push_c2_healthy	lag_t75_bytes	3124400.000000
retention	all_healthy_n5	push_c2_healthy	lag_t80_bytes	3287600.000000
retention	all_healthy_n5	push_c2_healthy	lag_t85_bytes	3455816.000000
retention	all_healthy_n5	push_c2_healthy	lag_t90_bytes	3585800.000000
retention	all_healthy_n5	push_c2_healthy	lag_end_bytes	3585800.000000
retention	all_healthy_n5	push_c2_healthy	lag_max_bytes	3585800.000000
retention	all_healthy_n5	push_c3_healthy	lag_t0_bytes	56.000000
retention	all_healthy_n5	push_c3_healthy	lag_t5_bytes	169368.000000
retention	all_healthy_n5	push_c3_healthy	lag_t10_bytes	336104.000000
retention	all_healthy_n5	push_c3_healthy	lag_t15_bytes	503104.000000
retention	all_healthy_n5	push_c3_healthy	lag_t20_bytes	685928.000000
retention	all_healthy_n5	push_c3_healthy	lag_t25_bytes	993744.000000
retention	all_healthy_n5	push_c3_healthy	lag_t30_bytes	1196264.000000
retention	all_healthy_n5	push_c3_healthy	lag_t35_bytes	1362584.000000
retention	all_healthy_n5	push_c3_healthy	lag_t40_bytes	1526200.000000
retention	all_healthy_n5	push_c3_healthy	lag_t45_bytes	1689456.000000
retention	all_healthy_n5	push_c3_healthy	lag_t50_bytes	2128440.000000
retention	all_healthy_n5	push_c3_healthy	lag_t55_bytes	2299984.000000
retention	all_healthy_n5	push_c3_healthy	lag_t60_bytes	2586592.000000
retention	all_healthy_n5	push_c3_healthy	lag_t65_bytes	2793104.000000
retention	all_healthy_n5	push_c3_healthy	lag_t70_bytes	2959216.000000
retention	all_healthy_n5	push_c3_healthy	lag_t75_bytes	3124344.000000
retention	all_healthy_n5	push_c3_healthy	lag_t80_bytes	3287544.000000
retention	all_healthy_n5	push_c3_healthy	lag_t85_bytes	3455760.000000
retention	all_healthy_n5	push_c3_healthy	lag_t90_bytes	3585744.000000
retention	all_healthy_n5	push_c3_healthy	lag_end_bytes	3585744.000000
retention	all_healthy_n5	push_c3_healthy	lag_max_bytes	3585744.000000
retention	all_healthy_n5	push_c4_healthy	lag_t0_bytes	0.000000
retention	all_healthy_n5	push_c4_healthy	lag_t5_bytes	169312.000000
retention	all_healthy_n5	push_c4_healthy	lag_t10_bytes	336048.000000
retention	all_healthy_n5	push_c4_healthy	lag_t15_bytes	503048.000000
retention	all_healthy_n5	push_c4_healthy	lag_t20_bytes	685872.000000
retention	all_healthy_n5	push_c4_healthy	lag_t25_bytes	993688.000000
retention	all_healthy_n5	push_c4_healthy	lag_t30_bytes	1196208.000000
retention	all_healthy_n5	push_c4_healthy	lag_t35_bytes	1362528.000000
retention	all_healthy_n5	push_c4_healthy	lag_t40_bytes	1526144.000000
retention	all_healthy_n5	push_c4_healthy	lag_t45_bytes	1689400.000000
retention	all_healthy_n5	push_c4_healthy	lag_t50_bytes	2128384.000000
retention	all_healthy_n5	push_c4_healthy	lag_t55_bytes	2299928.000000
retention	all_healthy_n5	push_c4_healthy	lag_t60_bytes	2586536.000000
retention	all_healthy_n5	push_c4_healthy	lag_t65_bytes	2793048.000000
retention	all_healthy_n5	push_c4_healthy	lag_t70_bytes	2959160.000000
retention	all_healthy_n5	push_c4_healthy	lag_t75_bytes	3124288.000000
retention	all_healthy_n5	push_c4_healthy	lag_t80_bytes	3287488.000000
retention	all_healthy_n5	push_c4_healthy	lag_t85_bytes	3455704.000000
retention	all_healthy_n5	push_c4_healthy	lag_t90_bytes	3585688.000000
retention	all_healthy_n5	push_c4_healthy	lag_end_bytes	3585688.000000
retention	all_healthy_n5	push_c4_healthy	lag_max_bytes	3585688.000000
retention	all_healthy_n5	poll@100ms_c0_healthy	lag_t0_bytes	0.000000
retention	all_healthy_n5	poll@100ms_c0_healthy	lag_t5_bytes	1664.000000
retention	all_healthy_n5	poll@100ms_c0_healthy	lag_t10_bytes	0.000000
retention	all_healthy_n5	poll@100ms_c0_healthy	lag_t15_bytes	208.000000
retention	all_healthy_n5	poll@100ms_c0_healthy	lag_t20_bytes	208.000000
retention	all_healthy_n5	poll@100ms_c0_healthy	lag_t25_bytes	208.000000
retention	all_healthy_n5	poll@100ms_c0_healthy	lag_t30_bytes	208.000000
retention	all_healthy_n5	poll@100ms_c0_healthy	lag_t35_bytes	416.000000
retention	all_healthy_n5	poll@100ms_c0_healthy	lag_t40_bytes	416.000000
retention	all_healthy_n5	poll@100ms_c0_healthy	lag_t45_bytes	624.000000
retention	all_healthy_n5	poll@100ms_c0_healthy	lag_t50_bytes	208.000000
retention	all_healthy_n5	poll@100ms_c0_healthy	lag_t55_bytes	208.000000
retention	all_healthy_n5	poll@100ms_c0_healthy	lag_t60_bytes	208.000000
retention	all_healthy_n5	poll@100ms_c0_healthy	lag_t65_bytes	416.000000
retention	all_healthy_n5	poll@100ms_c0_healthy	lag_t70_bytes	208.000000
retention	all_healthy_n5	poll@100ms_c0_healthy	lag_t75_bytes	416.000000
retention	all_healthy_n5	poll@100ms_c0_healthy	lag_t80_bytes	1040.000000
retention	all_healthy_n5	poll@100ms_c0_healthy	lag_t85_bytes	1872.000000
retention	all_healthy_n5	poll@100ms_c0_healthy	lag_t90_bytes	0.000000
retention	all_healthy_n5	poll@100ms_c0_healthy	lag_end_bytes	0.000000
retention	all_healthy_n5	poll@100ms_c0_healthy	lag_max_bytes	1872.000000
retention	all_healthy_n5	poll@100ms_c1_healthy	lag_t0_bytes	0.000000
retention	all_healthy_n5	poll@100ms_c1_healthy	lag_t5_bytes	2080.000000
retention	all_healthy_n5	poll@100ms_c1_healthy	lag_t10_bytes	1512.000000
retention	all_healthy_n5	poll@100ms_c1_healthy	lag_t15_bytes	416.000000
retention	all_healthy_n5	poll@100ms_c1_healthy	lag_t20_bytes	416.000000
retention	all_healthy_n5	poll@100ms_c1_healthy	lag_t25_bytes	208.000000
retention	all_healthy_n5	poll@100ms_c1_healthy	lag_t30_bytes	416.000000
retention	all_healthy_n5	poll@100ms_c1_healthy	lag_t35_bytes	624.000000
retention	all_healthy_n5	poll@100ms_c1_healthy	lag_t40_bytes	624.000000
retention	all_healthy_n5	poll@100ms_c1_healthy	lag_t45_bytes	0.000000
retention	all_healthy_n5	poll@100ms_c1_healthy	lag_t50_bytes	208.000000
retention	all_healthy_n5	poll@100ms_c1_healthy	lag_t55_bytes	208.000000
retention	all_healthy_n5	poll@100ms_c1_healthy	lag_t60_bytes	208.000000
retention	all_healthy_n5	poll@100ms_c1_healthy	lag_t65_bytes	416.000000
retention	all_healthy_n5	poll@100ms_c1_healthy	lag_t70_bytes	416.000000
retention	all_healthy_n5	poll@100ms_c1_healthy	lag_t75_bytes	624.000000
retention	all_healthy_n5	poll@100ms_c1_healthy	lag_t80_bytes	1248.000000
retention	all_healthy_n5	poll@100ms_c1_healthy	lag_t85_bytes	1872.000000
retention	all_healthy_n5	poll@100ms_c1_healthy	lag_t90_bytes	0.000000
retention	all_healthy_n5	poll@100ms_c1_healthy	lag_end_bytes	0.000000
retention	all_healthy_n5	poll@100ms_c1_healthy	lag_max_bytes	2080.000000
retention	all_healthy_n5	poll@100ms_c2_healthy	lag_t0_bytes	0.000000
retention	all_healthy_n5	poll@100ms_c2_healthy	lag_t5_bytes	2080.000000
retention	all_healthy_n5	poll@100ms_c2_healthy	lag_t10_bytes	1512.000000
retention	all_healthy_n5	poll@100ms_c2_healthy	lag_t15_bytes	416.000000
retention	all_healthy_n5	poll@100ms_c2_healthy	lag_t20_bytes	416.000000
retention	all_healthy_n5	poll@100ms_c2_healthy	lag_t25_bytes	208.000000
retention	all_healthy_n5	poll@100ms_c2_healthy	lag_t30_bytes	416.000000
retention	all_healthy_n5	poll@100ms_c2_healthy	lag_t35_bytes	624.000000
retention	all_healthy_n5	poll@100ms_c2_healthy	lag_t40_bytes	624.000000
retention	all_healthy_n5	poll@100ms_c2_healthy	lag_t45_bytes	0.000000
retention	all_healthy_n5	poll@100ms_c2_healthy	lag_t50_bytes	208.000000
retention	all_healthy_n5	poll@100ms_c2_healthy	lag_t55_bytes	208.000000
retention	all_healthy_n5	poll@100ms_c2_healthy	lag_t60_bytes	208.000000
retention	all_healthy_n5	poll@100ms_c2_healthy	lag_t65_bytes	416.000000
retention	all_healthy_n5	poll@100ms_c2_healthy	lag_t70_bytes	416.000000
retention	all_healthy_n5	poll@100ms_c2_healthy	lag_t75_bytes	624.000000
retention	all_healthy_n5	poll@100ms_c2_healthy	lag_t80_bytes	1248.000000
retention	all_healthy_n5	poll@100ms_c2_healthy	lag_t85_bytes	1872.000000
retention	all_healthy_n5	poll@100ms_c2_healthy	lag_t90_bytes	0.000000
retention	all_healthy_n5	poll@100ms_c2_healthy	lag_end_bytes	0.000000
retention	all_healthy_n5	poll@100ms_c2_healthy	lag_max_bytes	2080.000000
retention	all_healthy_n5	poll@100ms_c3_healthy	lag_t0_bytes	0.000000
retention	all_healthy_n5	poll@100ms_c3_healthy	lag_t5_bytes	1040.000000
retention	all_healthy_n5	poll@100ms_c3_healthy	lag_t10_bytes	1248.000000
retention	all_healthy_n5	poll@100ms_c3_healthy	lag_t15_bytes	0.000000
retention	all_healthy_n5	poll@100ms_c3_healthy	lag_t20_bytes	208.000000
retention	all_healthy_n5	poll@100ms_c3_healthy	lag_t25_bytes	0.000000
retention	all_healthy_n5	poll@100ms_c3_healthy	lag_t30_bytes	416.000000
retention	all_healthy_n5	poll@100ms_c3_healthy	lag_t35_bytes	624.000000
retention	all_healthy_n5	poll@100ms_c3_healthy	lag_t40_bytes	624.000000
retention	all_healthy_n5	poll@100ms_c3_healthy	lag_t45_bytes	0.000000
retention	all_healthy_n5	poll@100ms_c3_healthy	lag_t50_bytes	208.000000
retention	all_healthy_n5	poll@100ms_c3_healthy	lag_t55_bytes	208.000000
retention	all_healthy_n5	poll@100ms_c3_healthy	lag_t60_bytes	208.000000
retention	all_healthy_n5	poll@100ms_c3_healthy	lag_t65_bytes	416.000000
retention	all_healthy_n5	poll@100ms_c3_healthy	lag_t70_bytes	416.000000
retention	all_healthy_n5	poll@100ms_c3_healthy	lag_t75_bytes	624.000000
retention	all_healthy_n5	poll@100ms_c3_healthy	lag_t80_bytes	1248.000000
retention	all_healthy_n5	poll@100ms_c3_healthy	lag_t85_bytes	1872.000000
retention	all_healthy_n5	poll@100ms_c3_healthy	lag_t90_bytes	0.000000
retention	all_healthy_n5	poll@100ms_c3_healthy	lag_end_bytes	0.000000
retention	all_healthy_n5	poll@100ms_c3_healthy	lag_max_bytes	1872.000000
retention	all_healthy_n5	poll@100ms_c4_healthy	lag_t0_bytes	0.000000
retention	all_healthy_n5	poll@100ms_c4_healthy	lag_t5_bytes	0.000000
retention	all_healthy_n5	poll@100ms_c4_healthy	lag_t10_bytes	832.000000
retention	all_healthy_n5	poll@100ms_c4_healthy	lag_t15_bytes	0.000000
retention	all_healthy_n5	poll@100ms_c4_healthy	lag_t20_bytes	208.000000
retention	all_healthy_n5	poll@100ms_c4_healthy	lag_t25_bytes	0.000000
retention	all_healthy_n5	poll@100ms_c4_healthy	lag_t30_bytes	416.000000
retention	all_healthy_n5	poll@100ms_c4_healthy	lag_t35_bytes	624.000000
retention	all_healthy_n5	poll@100ms_c4_healthy	lag_t40_bytes	624.000000
retention	all_healthy_n5	poll@100ms_c4_healthy	lag_t45_bytes	0.000000
retention	all_healthy_n5	poll@100ms_c4_healthy	lag_t50_bytes	208.000000
retention	all_healthy_n5	poll@100ms_c4_healthy	lag_t55_bytes	208.000000
retention	all_healthy_n5	poll@100ms_c4_healthy	lag_t60_bytes	208.000000
retention	all_healthy_n5	poll@100ms_c4_healthy	lag_t65_bytes	416.000000
retention	all_healthy_n5	poll@100ms_c4_healthy	lag_t70_bytes	416.000000
retention	all_healthy_n5	poll@100ms_c4_healthy	lag_t75_bytes	624.000000
retention	all_healthy_n5	poll@100ms_c4_healthy	lag_t80_bytes	1248.000000
retention	all_healthy_n5	poll@100ms_c4_healthy	lag_t85_bytes	1872.000000
retention	all_healthy_n5	poll@100ms_c4_healthy	lag_t90_bytes	0.000000
retention	all_healthy_n5	poll@100ms_c4_healthy	lag_end_bytes	0.000000
retention	all_healthy_n5	poll@100ms_c4_healthy	lag_max_bytes	1872.000000
retention	all_healthy_n30	push_c0_healthy	lag_t0_bytes	1624.000000
retention	all_healthy_n30	push_c0_healthy	lag_t5_bytes	162328.000000
retention	all_healthy_n30	push_c0_healthy	lag_t10_bytes	321400.000000
retention	all_healthy_n30	push_c0_healthy	lag_t15_bytes	480784.000000
retention	all_healthy_n30	push_c0_healthy	lag_t20_bytes	649808.000000
retention	all_healthy_n30	push_c0_healthy	lag_t25_bytes	837024.000000
retention	all_healthy_n30	push_c0_healthy	lag_t30_bytes	1124824.000000
retention	all_healthy_n30	push_c0_healthy	lag_t35_bytes	1339704.000000
retention	all_healthy_n30	push_c0_healthy	lag_t40_bytes	1511928.000000
retention	all_healthy_n30	push_c0_healthy	lag_t45_bytes	1673856.000000
retention	all_healthy_n30	push_c0_healthy	lag_t50_bytes	1839368.000000
retention	all_healthy_n30	push_c0_healthy	lag_t55_bytes	2002256.000000
retention	all_healthy_n30	push_c0_healthy	lag_t60_bytes	2167536.000000
retention	all_healthy_n30	push_c0_healthy	lag_t65_bytes	2333648.000000
retention	all_healthy_n30	push_c0_healthy	lag_t70_bytes	2610040.000000
retention	all_healthy_n30	push_c0_healthy	lag_t75_bytes	2868280.000000
retention	all_healthy_n30	push_c0_healthy	lag_t80_bytes	3100888.000000
retention	all_healthy_n30	push_c0_healthy	lag_t85_bytes	3276216.000000
retention	all_healthy_n30	push_c0_healthy	lag_t90_bytes	3437960.000000
retention	all_healthy_n30	push_c0_healthy	lag_end_bytes	3437960.000000
retention	all_healthy_n30	push_c0_healthy	lag_max_bytes	3437960.000000
retention	all_healthy_n30	push_c1_healthy	lag_t0_bytes	1568.000000
retention	all_healthy_n30	push_c1_healthy	lag_t5_bytes	162272.000000
retention	all_healthy_n30	push_c1_healthy	lag_t10_bytes	321344.000000
retention	all_healthy_n30	push_c1_healthy	lag_t15_bytes	480728.000000
retention	all_healthy_n30	push_c1_healthy	lag_t20_bytes	649752.000000
retention	all_healthy_n30	push_c1_healthy	lag_t25_bytes	836968.000000
retention	all_healthy_n30	push_c1_healthy	lag_t30_bytes	1124768.000000
retention	all_healthy_n30	push_c1_healthy	lag_t35_bytes	1339648.000000
retention	all_healthy_n30	push_c1_healthy	lag_t40_bytes	1511872.000000
retention	all_healthy_n30	push_c1_healthy	lag_t45_bytes	1673800.000000
retention	all_healthy_n30	push_c1_healthy	lag_t50_bytes	1839312.000000
retention	all_healthy_n30	push_c1_healthy	lag_t55_bytes	2002200.000000
retention	all_healthy_n30	push_c1_healthy	lag_t60_bytes	2167480.000000
retention	all_healthy_n30	push_c1_healthy	lag_t65_bytes	2333592.000000
retention	all_healthy_n30	push_c1_healthy	lag_t70_bytes	2609984.000000
retention	all_healthy_n30	push_c1_healthy	lag_t75_bytes	2868224.000000
retention	all_healthy_n30	push_c1_healthy	lag_t80_bytes	3100832.000000
retention	all_healthy_n30	push_c1_healthy	lag_t85_bytes	3276160.000000
retention	all_healthy_n30	push_c1_healthy	lag_t90_bytes	3437904.000000
retention	all_healthy_n30	push_c1_healthy	lag_end_bytes	3437904.000000
retention	all_healthy_n30	push_c1_healthy	lag_max_bytes	3437904.000000
retention	all_healthy_n30	push_c2_healthy	lag_t0_bytes	1512.000000
retention	all_healthy_n30	push_c2_healthy	lag_t5_bytes	162216.000000
retention	all_healthy_n30	push_c2_healthy	lag_t10_bytes	321288.000000
retention	all_healthy_n30	push_c2_healthy	lag_t15_bytes	480672.000000
retention	all_healthy_n30	push_c2_healthy	lag_t20_bytes	649696.000000
retention	all_healthy_n30	push_c2_healthy	lag_t25_bytes	836912.000000
retention	all_healthy_n30	push_c2_healthy	lag_t30_bytes	1124712.000000
retention	all_healthy_n30	push_c2_healthy	lag_t35_bytes	1339592.000000
retention	all_healthy_n30	push_c2_healthy	lag_t40_bytes	1511816.000000
retention	all_healthy_n30	push_c2_healthy	lag_t45_bytes	1673744.000000
retention	all_healthy_n30	push_c2_healthy	lag_t50_bytes	1839256.000000
retention	all_healthy_n30	push_c2_healthy	lag_t55_bytes	2002144.000000
retention	all_healthy_n30	push_c2_healthy	lag_t60_bytes	2167424.000000
retention	all_healthy_n30	push_c2_healthy	lag_t65_bytes	2333536.000000
retention	all_healthy_n30	push_c2_healthy	lag_t70_bytes	2609928.000000
retention	all_healthy_n30	push_c2_healthy	lag_t75_bytes	2868168.000000
retention	all_healthy_n30	push_c2_healthy	lag_t80_bytes	3100776.000000
retention	all_healthy_n30	push_c2_healthy	lag_t85_bytes	3276104.000000
retention	all_healthy_n30	push_c2_healthy	lag_t90_bytes	3437848.000000
retention	all_healthy_n30	push_c2_healthy	lag_end_bytes	3437848.000000
retention	all_healthy_n30	push_c2_healthy	lag_max_bytes	3437848.000000
retention	all_healthy_n30	push_c3_healthy	lag_t0_bytes	1456.000000
retention	all_healthy_n30	push_c3_healthy	lag_t5_bytes	162160.000000
retention	all_healthy_n30	push_c3_healthy	lag_t10_bytes	321232.000000
retention	all_healthy_n30	push_c3_healthy	lag_t15_bytes	480616.000000
retention	all_healthy_n30	push_c3_healthy	lag_t20_bytes	649640.000000
retention	all_healthy_n30	push_c3_healthy	lag_t25_bytes	836856.000000
retention	all_healthy_n30	push_c3_healthy	lag_t30_bytes	1124656.000000
retention	all_healthy_n30	push_c3_healthy	lag_t35_bytes	1339536.000000
retention	all_healthy_n30	push_c3_healthy	lag_t40_bytes	1511760.000000
retention	all_healthy_n30	push_c3_healthy	lag_t45_bytes	1673688.000000
retention	all_healthy_n30	push_c3_healthy	lag_t50_bytes	1839200.000000
retention	all_healthy_n30	push_c3_healthy	lag_t55_bytes	2002088.000000
retention	all_healthy_n30	push_c3_healthy	lag_t60_bytes	2167368.000000
retention	all_healthy_n30	push_c3_healthy	lag_t65_bytes	2333480.000000
retention	all_healthy_n30	push_c3_healthy	lag_t70_bytes	2609872.000000
retention	all_healthy_n30	push_c3_healthy	lag_t75_bytes	2868112.000000
retention	all_healthy_n30	push_c3_healthy	lag_t80_bytes	3100720.000000
retention	all_healthy_n30	push_c3_healthy	lag_t85_bytes	3276048.000000
retention	all_healthy_n30	push_c3_healthy	lag_t90_bytes	3437792.000000
retention	all_healthy_n30	push_c3_healthy	lag_end_bytes	3437792.000000
retention	all_healthy_n30	push_c3_healthy	lag_max_bytes	3437792.000000
retention	all_healthy_n30	push_c4_healthy	lag_t0_bytes	1400.000000
retention	all_healthy_n30	push_c4_healthy	lag_t5_bytes	162104.000000
retention	all_healthy_n30	push_c4_healthy	lag_t10_bytes	321176.000000
retention	all_healthy_n30	push_c4_healthy	lag_t15_bytes	480560.000000
retention	all_healthy_n30	push_c4_healthy	lag_t20_bytes	649584.000000
retention	all_healthy_n30	push_c4_healthy	lag_t25_bytes	836800.000000
retention	all_healthy_n30	push_c4_healthy	lag_t30_bytes	1124600.000000
retention	all_healthy_n30	push_c4_healthy	lag_t35_bytes	1339480.000000
retention	all_healthy_n30	push_c4_healthy	lag_t40_bytes	1511704.000000
retention	all_healthy_n30	push_c4_healthy	lag_t45_bytes	1673632.000000
retention	all_healthy_n30	push_c4_healthy	lag_t50_bytes	1839144.000000
retention	all_healthy_n30	push_c4_healthy	lag_t55_bytes	2002032.000000
retention	all_healthy_n30	push_c4_healthy	lag_t60_bytes	2167312.000000
retention	all_healthy_n30	push_c4_healthy	lag_t65_bytes	2333424.000000
retention	all_healthy_n30	push_c4_healthy	lag_t70_bytes	2609816.000000
retention	all_healthy_n30	push_c4_healthy	lag_t75_bytes	2868056.000000
retention	all_healthy_n30	push_c4_healthy	lag_t80_bytes	3100664.000000
retention	all_healthy_n30	push_c4_healthy	lag_t85_bytes	3275992.000000
retention	all_healthy_n30	push_c4_healthy	lag_t90_bytes	3437736.000000
retention	all_healthy_n30	push_c4_healthy	lag_end_bytes	3437736.000000
retention	all_healthy_n30	push_c4_healthy	lag_max_bytes	3437736.000000
retention	all_healthy_n30	push_c5_healthy	lag_t0_bytes	1344.000000
retention	all_healthy_n30	push_c5_healthy	lag_t5_bytes	162048.000000
retention	all_healthy_n30	push_c5_healthy	lag_t10_bytes	321120.000000
retention	all_healthy_n30	push_c5_healthy	lag_t15_bytes	480504.000000
retention	all_healthy_n30	push_c5_healthy	lag_t20_bytes	649528.000000
retention	all_healthy_n30	push_c5_healthy	lag_t25_bytes	836744.000000
retention	all_healthy_n30	push_c5_healthy	lag_t30_bytes	1124544.000000
retention	all_healthy_n30	push_c5_healthy	lag_t35_bytes	1339424.000000
retention	all_healthy_n30	push_c5_healthy	lag_t40_bytes	1511648.000000
retention	all_healthy_n30	push_c5_healthy	lag_t45_bytes	1673576.000000
retention	all_healthy_n30	push_c5_healthy	lag_t50_bytes	1839088.000000
retention	all_healthy_n30	push_c5_healthy	lag_t55_bytes	2001976.000000
retention	all_healthy_n30	push_c5_healthy	lag_t60_bytes	2167256.000000
retention	all_healthy_n30	push_c5_healthy	lag_t65_bytes	2333368.000000
retention	all_healthy_n30	push_c5_healthy	lag_t70_bytes	2609760.000000
retention	all_healthy_n30	push_c5_healthy	lag_t75_bytes	2868000.000000
retention	all_healthy_n30	push_c5_healthy	lag_t80_bytes	3100608.000000
retention	all_healthy_n30	push_c5_healthy	lag_t85_bytes	3275936.000000
retention	all_healthy_n30	push_c5_healthy	lag_t90_bytes	3437680.000000
retention	all_healthy_n30	push_c5_healthy	lag_end_bytes	3437680.000000
retention	all_healthy_n30	push_c5_healthy	lag_max_bytes	3437680.000000
retention	all_healthy_n30	push_c6_healthy	lag_t0_bytes	1288.000000
retention	all_healthy_n30	push_c6_healthy	lag_t5_bytes	161992.000000
retention	all_healthy_n30	push_c6_healthy	lag_t10_bytes	321064.000000
retention	all_healthy_n30	push_c6_healthy	lag_t15_bytes	480448.000000
retention	all_healthy_n30	push_c6_healthy	lag_t20_bytes	649472.000000
retention	all_healthy_n30	push_c6_healthy	lag_t25_bytes	836688.000000
retention	all_healthy_n30	push_c6_healthy	lag_t30_bytes	1124488.000000
retention	all_healthy_n30	push_c6_healthy	lag_t35_bytes	1339368.000000
retention	all_healthy_n30	push_c6_healthy	lag_t40_bytes	1511592.000000
retention	all_healthy_n30	push_c6_healthy	lag_t45_bytes	1673520.000000
retention	all_healthy_n30	push_c6_healthy	lag_t50_bytes	1839032.000000
retention	all_healthy_n30	push_c6_healthy	lag_t55_bytes	2001920.000000
retention	all_healthy_n30	push_c6_healthy	lag_t60_bytes	2167200.000000
retention	all_healthy_n30	push_c6_healthy	lag_t65_bytes	2333312.000000
retention	all_healthy_n30	push_c6_healthy	lag_t70_bytes	2609704.000000
retention	all_healthy_n30	push_c6_healthy	lag_t75_bytes	2867944.000000
retention	all_healthy_n30	push_c6_healthy	lag_t80_bytes	3100552.000000
retention	all_healthy_n30	push_c6_healthy	lag_t85_bytes	3275880.000000
retention	all_healthy_n30	push_c6_healthy	lag_t90_bytes	3437624.000000
retention	all_healthy_n30	push_c6_healthy	lag_end_bytes	3437624.000000
retention	all_healthy_n30	push_c6_healthy	lag_max_bytes	3437624.000000
retention	all_healthy_n30	push_c7_healthy	lag_t0_bytes	1232.000000
retention	all_healthy_n30	push_c7_healthy	lag_t5_bytes	161936.000000
retention	all_healthy_n30	push_c7_healthy	lag_t10_bytes	321008.000000
retention	all_healthy_n30	push_c7_healthy	lag_t15_bytes	480392.000000
retention	all_healthy_n30	push_c7_healthy	lag_t20_bytes	649416.000000
retention	all_healthy_n30	push_c7_healthy	lag_t25_bytes	836632.000000
retention	all_healthy_n30	push_c7_healthy	lag_t30_bytes	1124432.000000
retention	all_healthy_n30	push_c7_healthy	lag_t35_bytes	1339312.000000
retention	all_healthy_n30	push_c7_healthy	lag_t40_bytes	1511536.000000
retention	all_healthy_n30	push_c7_healthy	lag_t45_bytes	1673464.000000
retention	all_healthy_n30	push_c7_healthy	lag_t50_bytes	1838976.000000
retention	all_healthy_n30	push_c7_healthy	lag_t55_bytes	2001864.000000
retention	all_healthy_n30	push_c7_healthy	lag_t60_bytes	2167144.000000
retention	all_healthy_n30	push_c7_healthy	lag_t65_bytes	2333256.000000
retention	all_healthy_n30	push_c7_healthy	lag_t70_bytes	2609648.000000
retention	all_healthy_n30	push_c7_healthy	lag_t75_bytes	2867888.000000
retention	all_healthy_n30	push_c7_healthy	lag_t80_bytes	3100496.000000
retention	all_healthy_n30	push_c7_healthy	lag_t85_bytes	3275824.000000
retention	all_healthy_n30	push_c7_healthy	lag_t90_bytes	3437568.000000
retention	all_healthy_n30	push_c7_healthy	lag_end_bytes	3437568.000000
retention	all_healthy_n30	push_c7_healthy	lag_max_bytes	3437568.000000
retention	all_healthy_n30	push_c8_healthy	lag_t0_bytes	1176.000000
retention	all_healthy_n30	push_c8_healthy	lag_t5_bytes	161880.000000
retention	all_healthy_n30	push_c8_healthy	lag_t10_bytes	320952.000000
retention	all_healthy_n30	push_c8_healthy	lag_t15_bytes	480336.000000
retention	all_healthy_n30	push_c8_healthy	lag_t20_bytes	649360.000000
retention	all_healthy_n30	push_c8_healthy	lag_t25_bytes	836576.000000
retention	all_healthy_n30	push_c8_healthy	lag_t30_bytes	1124376.000000
retention	all_healthy_n30	push_c8_healthy	lag_t35_bytes	1339256.000000
retention	all_healthy_n30	push_c8_healthy	lag_t40_bytes	1511480.000000
retention	all_healthy_n30	push_c8_healthy	lag_t45_bytes	1673408.000000
retention	all_healthy_n30	push_c8_healthy	lag_t50_bytes	1838920.000000
retention	all_healthy_n30	push_c8_healthy	lag_t55_bytes	2001808.000000
retention	all_healthy_n30	push_c8_healthy	lag_t60_bytes	2167088.000000
retention	all_healthy_n30	push_c8_healthy	lag_t65_bytes	2333200.000000
retention	all_healthy_n30	push_c8_healthy	lag_t70_bytes	2609592.000000
retention	all_healthy_n30	push_c8_healthy	lag_t75_bytes	2867832.000000
retention	all_healthy_n30	push_c8_healthy	lag_t80_bytes	3100440.000000
retention	all_healthy_n30	push_c8_healthy	lag_t85_bytes	3275768.000000
retention	all_healthy_n30	push_c8_healthy	lag_t90_bytes	3437512.000000
retention	all_healthy_n30	push_c8_healthy	lag_end_bytes	3437512.000000
retention	all_healthy_n30	push_c8_healthy	lag_max_bytes	3437512.000000
retention	all_healthy_n30	push_c9_healthy	lag_t0_bytes	1120.000000
retention	all_healthy_n30	push_c9_healthy	lag_t5_bytes	161824.000000
retention	all_healthy_n30	push_c9_healthy	lag_t10_bytes	320896.000000
retention	all_healthy_n30	push_c9_healthy	lag_t15_bytes	480280.000000
retention	all_healthy_n30	push_c9_healthy	lag_t20_bytes	649304.000000
retention	all_healthy_n30	push_c9_healthy	lag_t25_bytes	836520.000000
retention	all_healthy_n30	push_c9_healthy	lag_t30_bytes	1124320.000000
retention	all_healthy_n30	push_c9_healthy	lag_t35_bytes	1339200.000000
retention	all_healthy_n30	push_c9_healthy	lag_t40_bytes	1511424.000000
retention	all_healthy_n30	push_c9_healthy	lag_t45_bytes	1673352.000000
retention	all_healthy_n30	push_c9_healthy	lag_t50_bytes	1838864.000000
retention	all_healthy_n30	push_c9_healthy	lag_t55_bytes	2001752.000000
retention	all_healthy_n30	push_c9_healthy	lag_t60_bytes	2167032.000000
retention	all_healthy_n30	push_c9_healthy	lag_t65_bytes	2333144.000000
retention	all_healthy_n30	push_c9_healthy	lag_t70_bytes	2609536.000000
retention	all_healthy_n30	push_c9_healthy	lag_t75_bytes	2867776.000000
retention	all_healthy_n30	push_c9_healthy	lag_t80_bytes	3100384.000000
retention	all_healthy_n30	push_c9_healthy	lag_t85_bytes	3275712.000000
retention	all_healthy_n30	push_c9_healthy	lag_t90_bytes	3437456.000000
retention	all_healthy_n30	push_c9_healthy	lag_end_bytes	3437456.000000
retention	all_healthy_n30	push_c9_healthy	lag_max_bytes	3437456.000000
retention	all_healthy_n30	push_c10_healthy	lag_t0_bytes	1064.000000
retention	all_healthy_n30	push_c10_healthy	lag_t5_bytes	161768.000000
retention	all_healthy_n30	push_c10_healthy	lag_t10_bytes	320840.000000
retention	all_healthy_n30	push_c10_healthy	lag_t15_bytes	480224.000000
retention	all_healthy_n30	push_c10_healthy	lag_t20_bytes	649248.000000
retention	all_healthy_n30	push_c10_healthy	lag_t25_bytes	836464.000000
retention	all_healthy_n30	push_c10_healthy	lag_t30_bytes	1124264.000000
retention	all_healthy_n30	push_c10_healthy	lag_t35_bytes	1339144.000000
retention	all_healthy_n30	push_c10_healthy	lag_t40_bytes	1511368.000000
retention	all_healthy_n30	push_c10_healthy	lag_t45_bytes	1673296.000000
retention	all_healthy_n30	push_c10_healthy	lag_t50_bytes	1838808.000000
retention	all_healthy_n30	push_c10_healthy	lag_t55_bytes	2001696.000000
retention	all_healthy_n30	push_c10_healthy	lag_t60_bytes	2166976.000000
retention	all_healthy_n30	push_c10_healthy	lag_t65_bytes	2333088.000000
retention	all_healthy_n30	push_c10_healthy	lag_t70_bytes	2609480.000000
retention	all_healthy_n30	push_c10_healthy	lag_t75_bytes	2867720.000000
retention	all_healthy_n30	push_c10_healthy	lag_t80_bytes	3100328.000000
retention	all_healthy_n30	push_c10_healthy	lag_t85_bytes	3275656.000000
retention	all_healthy_n30	push_c10_healthy	lag_t90_bytes	3437400.000000
retention	all_healthy_n30	push_c10_healthy	lag_end_bytes	3437400.000000
retention	all_healthy_n30	push_c10_healthy	lag_max_bytes	3437400.000000
retention	all_healthy_n30	push_c11_healthy	lag_t0_bytes	1008.000000
retention	all_healthy_n30	push_c11_healthy	lag_t5_bytes	161712.000000
retention	all_healthy_n30	push_c11_healthy	lag_t10_bytes	320784.000000
retention	all_healthy_n30	push_c11_healthy	lag_t15_bytes	480168.000000
retention	all_healthy_n30	push_c11_healthy	lag_t20_bytes	649192.000000
retention	all_healthy_n30	push_c11_healthy	lag_t25_bytes	836408.000000
retention	all_healthy_n30	push_c11_healthy	lag_t30_bytes	1124208.000000
retention	all_healthy_n30	push_c11_healthy	lag_t35_bytes	1339088.000000
retention	all_healthy_n30	push_c11_healthy	lag_t40_bytes	1511312.000000
retention	all_healthy_n30	push_c11_healthy	lag_t45_bytes	1673240.000000
retention	all_healthy_n30	push_c11_healthy	lag_t50_bytes	1838752.000000
retention	all_healthy_n30	push_c11_healthy	lag_t55_bytes	2001640.000000
retention	all_healthy_n30	push_c11_healthy	lag_t60_bytes	2166920.000000
retention	all_healthy_n30	push_c11_healthy	lag_t65_bytes	2333032.000000
retention	all_healthy_n30	push_c11_healthy	lag_t70_bytes	2609424.000000
retention	all_healthy_n30	push_c11_healthy	lag_t75_bytes	2867664.000000
retention	all_healthy_n30	push_c11_healthy	lag_t80_bytes	3100272.000000
retention	all_healthy_n30	push_c11_healthy	lag_t85_bytes	3275600.000000
retention	all_healthy_n30	push_c11_healthy	lag_t90_bytes	3437344.000000
retention	all_healthy_n30	push_c11_healthy	lag_end_bytes	3437344.000000
retention	all_healthy_n30	push_c11_healthy	lag_max_bytes	3437344.000000
retention	all_healthy_n30	push_c12_healthy	lag_t0_bytes	952.000000
retention	all_healthy_n30	push_c12_healthy	lag_t5_bytes	161656.000000
retention	all_healthy_n30	push_c12_healthy	lag_t10_bytes	320728.000000
retention	all_healthy_n30	push_c12_healthy	lag_t15_bytes	480112.000000
retention	all_healthy_n30	push_c12_healthy	lag_t20_bytes	649136.000000
retention	all_healthy_n30	push_c12_healthy	lag_t25_bytes	836352.000000
retention	all_healthy_n30	push_c12_healthy	lag_t30_bytes	1124152.000000
retention	all_healthy_n30	push_c12_healthy	lag_t35_bytes	1339032.000000
retention	all_healthy_n30	push_c12_healthy	lag_t40_bytes	1511256.000000
retention	all_healthy_n30	push_c12_healthy	lag_t45_bytes	1673184.000000
retention	all_healthy_n30	push_c12_healthy	lag_t50_bytes	1838696.000000
retention	all_healthy_n30	push_c12_healthy	lag_t55_bytes	2001584.000000
retention	all_healthy_n30	push_c12_healthy	lag_t60_bytes	2166864.000000
retention	all_healthy_n30	push_c12_healthy	lag_t65_bytes	2332976.000000
retention	all_healthy_n30	push_c12_healthy	lag_t70_bytes	2609368.000000
retention	all_healthy_n30	push_c12_healthy	lag_t75_bytes	2867608.000000
retention	all_healthy_n30	push_c12_healthy	lag_t80_bytes	3100216.000000
retention	all_healthy_n30	push_c12_healthy	lag_t85_bytes	3275544.000000
retention	all_healthy_n30	push_c12_healthy	lag_t90_bytes	3437288.000000
retention	all_healthy_n30	push_c12_healthy	lag_end_bytes	3437288.000000
retention	all_healthy_n30	push_c12_healthy	lag_max_bytes	3437288.000000
retention	all_healthy_n30	push_c13_healthy	lag_t0_bytes	896.000000
retention	all_healthy_n30	push_c13_healthy	lag_t5_bytes	161600.000000
retention	all_healthy_n30	push_c13_healthy	lag_t10_bytes	320672.000000
retention	all_healthy_n30	push_c13_healthy	lag_t15_bytes	480056.000000
retention	all_healthy_n30	push_c13_healthy	lag_t20_bytes	649080.000000
retention	all_healthy_n30	push_c13_healthy	lag_t25_bytes	836296.000000
retention	all_healthy_n30	push_c13_healthy	lag_t30_bytes	1124096.000000
retention	all_healthy_n30	push_c13_healthy	lag_t35_bytes	1338976.000000
retention	all_healthy_n30	push_c13_healthy	lag_t40_bytes	1511200.000000
retention	all_healthy_n30	push_c13_healthy	lag_t45_bytes	1673128.000000
retention	all_healthy_n30	push_c13_healthy	lag_t50_bytes	1838640.000000
retention	all_healthy_n30	push_c13_healthy	lag_t55_bytes	2001528.000000
retention	all_healthy_n30	push_c13_healthy	lag_t60_bytes	2166808.000000
retention	all_healthy_n30	push_c13_healthy	lag_t65_bytes	2332920.000000
retention	all_healthy_n30	push_c13_healthy	lag_t70_bytes	2609312.000000
retention	all_healthy_n30	push_c13_healthy	lag_t75_bytes	2867552.000000
retention	all_healthy_n30	push_c13_healthy	lag_t80_bytes	3100160.000000
retention	all_healthy_n30	push_c13_healthy	lag_t85_bytes	3275488.000000
retention	all_healthy_n30	push_c13_healthy	lag_t90_bytes	3437232.000000
retention	all_healthy_n30	push_c13_healthy	lag_end_bytes	3437232.000000
retention	all_healthy_n30	push_c13_healthy	lag_max_bytes	3437232.000000
retention	all_healthy_n30	push_c14_healthy	lag_t0_bytes	840.000000
retention	all_healthy_n30	push_c14_healthy	lag_t5_bytes	161544.000000
retention	all_healthy_n30	push_c14_healthy	lag_t10_bytes	320616.000000
retention	all_healthy_n30	push_c14_healthy	lag_t15_bytes	480000.000000
retention	all_healthy_n30	push_c14_healthy	lag_t20_bytes	649024.000000
retention	all_healthy_n30	push_c14_healthy	lag_t25_bytes	836240.000000
retention	all_healthy_n30	push_c14_healthy	lag_t30_bytes	1124040.000000
retention	all_healthy_n30	push_c14_healthy	lag_t35_bytes	1338920.000000
retention	all_healthy_n30	push_c14_healthy	lag_t40_bytes	1511144.000000
retention	all_healthy_n30	push_c14_healthy	lag_t45_bytes	1673072.000000
retention	all_healthy_n30	push_c14_healthy	lag_t50_bytes	1838584.000000
retention	all_healthy_n30	push_c14_healthy	lag_t55_bytes	2001472.000000
retention	all_healthy_n30	push_c14_healthy	lag_t60_bytes	2166752.000000
retention	all_healthy_n30	push_c14_healthy	lag_t65_bytes	2332864.000000
retention	all_healthy_n30	push_c14_healthy	lag_t70_bytes	2609256.000000
retention	all_healthy_n30	push_c14_healthy	lag_t75_bytes	2867496.000000
retention	all_healthy_n30	push_c14_healthy	lag_t80_bytes	3100104.000000
retention	all_healthy_n30	push_c14_healthy	lag_t85_bytes	3275432.000000
retention	all_healthy_n30	push_c14_healthy	lag_t90_bytes	3437176.000000
retention	all_healthy_n30	push_c14_healthy	lag_end_bytes	3437176.000000
retention	all_healthy_n30	push_c14_healthy	lag_max_bytes	3437176.000000
retention	all_healthy_n30	push_c15_healthy	lag_t0_bytes	784.000000
retention	all_healthy_n30	push_c15_healthy	lag_t5_bytes	161488.000000
retention	all_healthy_n30	push_c15_healthy	lag_t10_bytes	320560.000000
retention	all_healthy_n30	push_c15_healthy	lag_t15_bytes	479944.000000
retention	all_healthy_n30	push_c15_healthy	lag_t20_bytes	648968.000000
retention	all_healthy_n30	push_c15_healthy	lag_t25_bytes	836184.000000
retention	all_healthy_n30	push_c15_healthy	lag_t30_bytes	1123984.000000
retention	all_healthy_n30	push_c15_healthy	lag_t35_bytes	1338864.000000
retention	all_healthy_n30	push_c15_healthy	lag_t40_bytes	1511088.000000
retention	all_healthy_n30	push_c15_healthy	lag_t45_bytes	1673016.000000
retention	all_healthy_n30	push_c15_healthy	lag_t50_bytes	1838528.000000
retention	all_healthy_n30	push_c15_healthy	lag_t55_bytes	2001416.000000
retention	all_healthy_n30	push_c15_healthy	lag_t60_bytes	2166696.000000
retention	all_healthy_n30	push_c15_healthy	lag_t65_bytes	2332808.000000
retention	all_healthy_n30	push_c15_healthy	lag_t70_bytes	2609200.000000
retention	all_healthy_n30	push_c15_healthy	lag_t75_bytes	2867440.000000
retention	all_healthy_n30	push_c15_healthy	lag_t80_bytes	3100048.000000
retention	all_healthy_n30	push_c15_healthy	lag_t85_bytes	3275376.000000
retention	all_healthy_n30	push_c15_healthy	lag_t90_bytes	3437120.000000
retention	all_healthy_n30	push_c15_healthy	lag_end_bytes	3437120.000000
retention	all_healthy_n30	push_c15_healthy	lag_max_bytes	3437120.000000
retention	all_healthy_n30	push_c16_healthy	lag_t0_bytes	728.000000
retention	all_healthy_n30	push_c16_healthy	lag_t5_bytes	161432.000000
retention	all_healthy_n30	push_c16_healthy	lag_t10_bytes	320504.000000
retention	all_healthy_n30	push_c16_healthy	lag_t15_bytes	479888.000000
retention	all_healthy_n30	push_c16_healthy	lag_t20_bytes	648912.000000
retention	all_healthy_n30	push_c16_healthy	lag_t25_bytes	836128.000000
retention	all_healthy_n30	push_c16_healthy	lag_t30_bytes	1123928.000000
retention	all_healthy_n30	push_c16_healthy	lag_t35_bytes	1338808.000000
retention	all_healthy_n30	push_c16_healthy	lag_t40_bytes	1511032.000000
retention	all_healthy_n30	push_c16_healthy	lag_t45_bytes	1672960.000000
retention	all_healthy_n30	push_c16_healthy	lag_t50_bytes	1838472.000000
retention	all_healthy_n30	push_c16_healthy	lag_t55_bytes	2001360.000000
retention	all_healthy_n30	push_c16_healthy	lag_t60_bytes	2166640.000000
retention	all_healthy_n30	push_c16_healthy	lag_t65_bytes	2332752.000000
retention	all_healthy_n30	push_c16_healthy	lag_t70_bytes	2609144.000000
retention	all_healthy_n30	push_c16_healthy	lag_t75_bytes	2867384.000000
retention	all_healthy_n30	push_c16_healthy	lag_t80_bytes	3099992.000000
retention	all_healthy_n30	push_c16_healthy	lag_t85_bytes	3275320.000000
retention	all_healthy_n30	push_c16_healthy	lag_t90_bytes	3437064.000000
retention	all_healthy_n30	push_c16_healthy	lag_end_bytes	3437064.000000
retention	all_healthy_n30	push_c16_healthy	lag_max_bytes	3437064.000000
retention	all_healthy_n30	push_c17_healthy	lag_t0_bytes	672.000000
retention	all_healthy_n30	push_c17_healthy	lag_t5_bytes	161376.000000
retention	all_healthy_n30	push_c17_healthy	lag_t10_bytes	320448.000000
retention	all_healthy_n30	push_c17_healthy	lag_t15_bytes	479832.000000
retention	all_healthy_n30	push_c17_healthy	lag_t20_bytes	648856.000000
retention	all_healthy_n30	push_c17_healthy	lag_t25_bytes	836072.000000
retention	all_healthy_n30	push_c17_healthy	lag_t30_bytes	1123872.000000
retention	all_healthy_n30	push_c17_healthy	lag_t35_bytes	1338752.000000
retention	all_healthy_n30	push_c17_healthy	lag_t40_bytes	1510976.000000
retention	all_healthy_n30	push_c17_healthy	lag_t45_bytes	1672904.000000
retention	all_healthy_n30	push_c17_healthy	lag_t50_bytes	1838416.000000
retention	all_healthy_n30	push_c17_healthy	lag_t55_bytes	2001304.000000
retention	all_healthy_n30	push_c17_healthy	lag_t60_bytes	2166584.000000
retention	all_healthy_n30	push_c17_healthy	lag_t65_bytes	2332696.000000
retention	all_healthy_n30	push_c17_healthy	lag_t70_bytes	2609088.000000
retention	all_healthy_n30	push_c17_healthy	lag_t75_bytes	2867328.000000
retention	all_healthy_n30	push_c17_healthy	lag_t80_bytes	3099936.000000
retention	all_healthy_n30	push_c17_healthy	lag_t85_bytes	3275264.000000
retention	all_healthy_n30	push_c17_healthy	lag_t90_bytes	3437008.000000
retention	all_healthy_n30	push_c17_healthy	lag_end_bytes	3437008.000000
retention	all_healthy_n30	push_c17_healthy	lag_max_bytes	3437008.000000
retention	all_healthy_n30	push_c18_healthy	lag_t0_bytes	616.000000
retention	all_healthy_n30	push_c18_healthy	lag_t5_bytes	161320.000000
retention	all_healthy_n30	push_c18_healthy	lag_t10_bytes	320392.000000
retention	all_healthy_n30	push_c18_healthy	lag_t15_bytes	479776.000000
retention	all_healthy_n30	push_c18_healthy	lag_t20_bytes	648800.000000
retention	all_healthy_n30	push_c18_healthy	lag_t25_bytes	836016.000000
retention	all_healthy_n30	push_c18_healthy	lag_t30_bytes	1123816.000000
retention	all_healthy_n30	push_c18_healthy	lag_t35_bytes	1338696.000000
retention	all_healthy_n30	push_c18_healthy	lag_t40_bytes	1510920.000000
retention	all_healthy_n30	push_c18_healthy	lag_t45_bytes	1672848.000000
retention	all_healthy_n30	push_c18_healthy	lag_t50_bytes	1838360.000000
retention	all_healthy_n30	push_c18_healthy	lag_t55_bytes	2001248.000000
retention	all_healthy_n30	push_c18_healthy	lag_t60_bytes	2166528.000000
retention	all_healthy_n30	push_c18_healthy	lag_t65_bytes	2332640.000000
retention	all_healthy_n30	push_c18_healthy	lag_t70_bytes	2609032.000000
retention	all_healthy_n30	push_c18_healthy	lag_t75_bytes	2867272.000000
retention	all_healthy_n30	push_c18_healthy	lag_t80_bytes	3099880.000000
retention	all_healthy_n30	push_c18_healthy	lag_t85_bytes	3275208.000000
retention	all_healthy_n30	push_c18_healthy	lag_t90_bytes	3436952.000000
retention	all_healthy_n30	push_c18_healthy	lag_end_bytes	3436952.000000
retention	all_healthy_n30	push_c18_healthy	lag_max_bytes	3436952.000000
retention	all_healthy_n30	push_c19_healthy	lag_t0_bytes	560.000000
retention	all_healthy_n30	push_c19_healthy	lag_t5_bytes	161264.000000
retention	all_healthy_n30	push_c19_healthy	lag_t10_bytes	320336.000000
retention	all_healthy_n30	push_c19_healthy	lag_t15_bytes	479720.000000
retention	all_healthy_n30	push_c19_healthy	lag_t20_bytes	648744.000000
retention	all_healthy_n30	push_c19_healthy	lag_t25_bytes	835960.000000
retention	all_healthy_n30	push_c19_healthy	lag_t30_bytes	1123760.000000
retention	all_healthy_n30	push_c19_healthy	lag_t35_bytes	1338640.000000
retention	all_healthy_n30	push_c19_healthy	lag_t40_bytes	1510864.000000
retention	all_healthy_n30	push_c19_healthy	lag_t45_bytes	1672792.000000
retention	all_healthy_n30	push_c19_healthy	lag_t50_bytes	1838304.000000
retention	all_healthy_n30	push_c19_healthy	lag_t55_bytes	2001192.000000
retention	all_healthy_n30	push_c19_healthy	lag_t60_bytes	2166472.000000
retention	all_healthy_n30	push_c19_healthy	lag_t65_bytes	2332584.000000
retention	all_healthy_n30	push_c19_healthy	lag_t70_bytes	2608976.000000
retention	all_healthy_n30	push_c19_healthy	lag_t75_bytes	2867216.000000
retention	all_healthy_n30	push_c19_healthy	lag_t80_bytes	3099824.000000
retention	all_healthy_n30	push_c19_healthy	lag_t85_bytes	3275152.000000
retention	all_healthy_n30	push_c19_healthy	lag_t90_bytes	3436896.000000
retention	all_healthy_n30	push_c19_healthy	lag_end_bytes	3436896.000000
retention	all_healthy_n30	push_c19_healthy	lag_max_bytes	3436896.000000
retention	all_healthy_n30	push_c20_healthy	lag_t0_bytes	504.000000
retention	all_healthy_n30	push_c20_healthy	lag_t5_bytes	161208.000000
retention	all_healthy_n30	push_c20_healthy	lag_t10_bytes	320280.000000
retention	all_healthy_n30	push_c20_healthy	lag_t15_bytes	479664.000000
retention	all_healthy_n30	push_c20_healthy	lag_t20_bytes	648688.000000
retention	all_healthy_n30	push_c20_healthy	lag_t25_bytes	835904.000000
retention	all_healthy_n30	push_c20_healthy	lag_t30_bytes	1123704.000000
retention	all_healthy_n30	push_c20_healthy	lag_t35_bytes	1338584.000000
retention	all_healthy_n30	push_c20_healthy	lag_t40_bytes	1510808.000000
retention	all_healthy_n30	push_c20_healthy	lag_t45_bytes	1672736.000000
retention	all_healthy_n30	push_c20_healthy	lag_t50_bytes	1838248.000000
retention	all_healthy_n30	push_c20_healthy	lag_t55_bytes	2001136.000000
retention	all_healthy_n30	push_c20_healthy	lag_t60_bytes	2166416.000000
retention	all_healthy_n30	push_c20_healthy	lag_t65_bytes	2332528.000000
retention	all_healthy_n30	push_c20_healthy	lag_t70_bytes	2608920.000000
retention	all_healthy_n30	push_c20_healthy	lag_t75_bytes	2867160.000000
retention	all_healthy_n30	push_c20_healthy	lag_t80_bytes	3099768.000000
retention	all_healthy_n30	push_c20_healthy	lag_t85_bytes	3275096.000000
retention	all_healthy_n30	push_c20_healthy	lag_t90_bytes	3436840.000000
retention	all_healthy_n30	push_c20_healthy	lag_end_bytes	3436840.000000
retention	all_healthy_n30	push_c20_healthy	lag_max_bytes	3436840.000000
retention	all_healthy_n30	push_c21_healthy	lag_t0_bytes	448.000000
retention	all_healthy_n30	push_c21_healthy	lag_t5_bytes	161152.000000
retention	all_healthy_n30	push_c21_healthy	lag_t10_bytes	320224.000000
retention	all_healthy_n30	push_c21_healthy	lag_t15_bytes	479608.000000
retention	all_healthy_n30	push_c21_healthy	lag_t20_bytes	648632.000000
retention	all_healthy_n30	push_c21_healthy	lag_t25_bytes	835848.000000
retention	all_healthy_n30	push_c21_healthy	lag_t30_bytes	1123648.000000
retention	all_healthy_n30	push_c21_healthy	lag_t35_bytes	1338528.000000
retention	all_healthy_n30	push_c21_healthy	lag_t40_bytes	1510752.000000
retention	all_healthy_n30	push_c21_healthy	lag_t45_bytes	1672680.000000
retention	all_healthy_n30	push_c21_healthy	lag_t50_bytes	1838192.000000
retention	all_healthy_n30	push_c21_healthy	lag_t55_bytes	2001080.000000
retention	all_healthy_n30	push_c21_healthy	lag_t60_bytes	2166360.000000
retention	all_healthy_n30	push_c21_healthy	lag_t65_bytes	2332472.000000
retention	all_healthy_n30	push_c21_healthy	lag_t70_bytes	2608864.000000
retention	all_healthy_n30	push_c21_healthy	lag_t75_bytes	2867104.000000
retention	all_healthy_n30	push_c21_healthy	lag_t80_bytes	3099712.000000
retention	all_healthy_n30	push_c21_healthy	lag_t85_bytes	3275040.000000
retention	all_healthy_n30	push_c21_healthy	lag_t90_bytes	3436784.000000
retention	all_healthy_n30	push_c21_healthy	lag_end_bytes	3436784.000000
retention	all_healthy_n30	push_c21_healthy	lag_max_bytes	3436784.000000
retention	all_healthy_n30	push_c22_healthy	lag_t0_bytes	392.000000
retention	all_healthy_n30	push_c22_healthy	lag_t5_bytes	161096.000000
retention	all_healthy_n30	push_c22_healthy	lag_t10_bytes	320168.000000
retention	all_healthy_n30	push_c22_healthy	lag_t15_bytes	479552.000000
retention	all_healthy_n30	push_c22_healthy	lag_t20_bytes	648576.000000
retention	all_healthy_n30	push_c22_healthy	lag_t25_bytes	835792.000000
retention	all_healthy_n30	push_c22_healthy	lag_t30_bytes	1123592.000000
retention	all_healthy_n30	push_c22_healthy	lag_t35_bytes	1338472.000000
retention	all_healthy_n30	push_c22_healthy	lag_t40_bytes	1510696.000000
retention	all_healthy_n30	push_c22_healthy	lag_t45_bytes	1672624.000000
retention	all_healthy_n30	push_c22_healthy	lag_t50_bytes	1838136.000000
retention	all_healthy_n30	push_c22_healthy	lag_t55_bytes	2001024.000000
retention	all_healthy_n30	push_c22_healthy	lag_t60_bytes	2166304.000000
retention	all_healthy_n30	push_c22_healthy	lag_t65_bytes	2332416.000000
retention	all_healthy_n30	push_c22_healthy	lag_t70_bytes	2608808.000000
retention	all_healthy_n30	push_c22_healthy	lag_t75_bytes	2867048.000000
retention	all_healthy_n30	push_c22_healthy	lag_t80_bytes	3099656.000000
retention	all_healthy_n30	push_c22_healthy	lag_t85_bytes	3274984.000000
retention	all_healthy_n30	push_c22_healthy	lag_t90_bytes	3436728.000000
retention	all_healthy_n30	push_c22_healthy	lag_end_bytes	3436728.000000
retention	all_healthy_n30	push_c22_healthy	lag_max_bytes	3436728.000000
retention	all_healthy_n30	push_c23_healthy	lag_t0_bytes	336.000000
retention	all_healthy_n30	push_c23_healthy	lag_t5_bytes	161040.000000
retention	all_healthy_n30	push_c23_healthy	lag_t10_bytes	320112.000000
retention	all_healthy_n30	push_c23_healthy	lag_t15_bytes	479496.000000
retention	all_healthy_n30	push_c23_healthy	lag_t20_bytes	648520.000000
retention	all_healthy_n30	push_c23_healthy	lag_t25_bytes	835736.000000
retention	all_healthy_n30	push_c23_healthy	lag_t30_bytes	1123536.000000
retention	all_healthy_n30	push_c23_healthy	lag_t35_bytes	1338416.000000
retention	all_healthy_n30	push_c23_healthy	lag_t40_bytes	1510640.000000
retention	all_healthy_n30	push_c23_healthy	lag_t45_bytes	1672568.000000
retention	all_healthy_n30	push_c23_healthy	lag_t50_bytes	1838080.000000
retention	all_healthy_n30	push_c23_healthy	lag_t55_bytes	2000968.000000
retention	all_healthy_n30	push_c23_healthy	lag_t60_bytes	2166248.000000
retention	all_healthy_n30	push_c23_healthy	lag_t65_bytes	2332360.000000
retention	all_healthy_n30	push_c23_healthy	lag_t70_bytes	2608752.000000
retention	all_healthy_n30	push_c23_healthy	lag_t75_bytes	2866992.000000
retention	all_healthy_n30	push_c23_healthy	lag_t80_bytes	3099600.000000
retention	all_healthy_n30	push_c23_healthy	lag_t85_bytes	3274928.000000
retention	all_healthy_n30	push_c23_healthy	lag_t90_bytes	3436672.000000
retention	all_healthy_n30	push_c23_healthy	lag_end_bytes	3436672.000000
retention	all_healthy_n30	push_c23_healthy	lag_max_bytes	3436672.000000
retention	all_healthy_n30	push_c24_healthy	lag_t0_bytes	280.000000
retention	all_healthy_n30	push_c24_healthy	lag_t5_bytes	160984.000000
retention	all_healthy_n30	push_c24_healthy	lag_t10_bytes	320056.000000
retention	all_healthy_n30	push_c24_healthy	lag_t15_bytes	479440.000000
retention	all_healthy_n30	push_c24_healthy	lag_t20_bytes	648464.000000
retention	all_healthy_n30	push_c24_healthy	lag_t25_bytes	835680.000000
retention	all_healthy_n30	push_c24_healthy	lag_t30_bytes	1123480.000000
retention	all_healthy_n30	push_c24_healthy	lag_t35_bytes	1338360.000000
retention	all_healthy_n30	push_c24_healthy	lag_t40_bytes	1510584.000000
retention	all_healthy_n30	push_c24_healthy	lag_t45_bytes	1672512.000000
retention	all_healthy_n30	push_c24_healthy	lag_t50_bytes	1838024.000000
retention	all_healthy_n30	push_c24_healthy	lag_t55_bytes	2000912.000000
retention	all_healthy_n30	push_c24_healthy	lag_t60_bytes	2166192.000000
retention	all_healthy_n30	push_c24_healthy	lag_t65_bytes	2332304.000000
retention	all_healthy_n30	push_c24_healthy	lag_t70_bytes	2608696.000000
retention	all_healthy_n30	push_c24_healthy	lag_t75_bytes	2866936.000000
retention	all_healthy_n30	push_c24_healthy	lag_t80_bytes	3099544.000000
retention	all_healthy_n30	push_c24_healthy	lag_t85_bytes	3274872.000000
retention	all_healthy_n30	push_c24_healthy	lag_t90_bytes	3436616.000000
retention	all_healthy_n30	push_c24_healthy	lag_end_bytes	3436616.000000
retention	all_healthy_n30	push_c24_healthy	lag_max_bytes	3436616.000000
retention	all_healthy_n30	push_c25_healthy	lag_t0_bytes	224.000000
retention	all_healthy_n30	push_c25_healthy	lag_t5_bytes	160928.000000
retention	all_healthy_n30	push_c25_healthy	lag_t10_bytes	320000.000000
retention	all_healthy_n30	push_c25_healthy	lag_t15_bytes	479384.000000
retention	all_healthy_n30	push_c25_healthy	lag_t20_bytes	648408.000000
retention	all_healthy_n30	push_c25_healthy	lag_t25_bytes	835624.000000
retention	all_healthy_n30	push_c25_healthy	lag_t30_bytes	1123424.000000
retention	all_healthy_n30	push_c25_healthy	lag_t35_bytes	1338304.000000
retention	all_healthy_n30	push_c25_healthy	lag_t40_bytes	1510528.000000
retention	all_healthy_n30	push_c25_healthy	lag_t45_bytes	1672456.000000
retention	all_healthy_n30	push_c25_healthy	lag_t50_bytes	1837968.000000
retention	all_healthy_n30	push_c25_healthy	lag_t55_bytes	2000856.000000
retention	all_healthy_n30	push_c25_healthy	lag_t60_bytes	2166136.000000
retention	all_healthy_n30	push_c25_healthy	lag_t65_bytes	2332248.000000
retention	all_healthy_n30	push_c25_healthy	lag_t70_bytes	2608640.000000
retention	all_healthy_n30	push_c25_healthy	lag_t75_bytes	2866880.000000
retention	all_healthy_n30	push_c25_healthy	lag_t80_bytes	3099488.000000
retention	all_healthy_n30	push_c25_healthy	lag_t85_bytes	3274816.000000
retention	all_healthy_n30	push_c25_healthy	lag_t90_bytes	3436560.000000
retention	all_healthy_n30	push_c25_healthy	lag_end_bytes	3436560.000000
retention	all_healthy_n30	push_c25_healthy	lag_max_bytes	3436560.000000
retention	all_healthy_n30	push_c26_healthy	lag_t0_bytes	168.000000
retention	all_healthy_n30	push_c26_healthy	lag_t5_bytes	160872.000000
retention	all_healthy_n30	push_c26_healthy	lag_t10_bytes	319944.000000
retention	all_healthy_n30	push_c26_healthy	lag_t15_bytes	479328.000000
retention	all_healthy_n30	push_c26_healthy	lag_t20_bytes	648352.000000
retention	all_healthy_n30	push_c26_healthy	lag_t25_bytes	835568.000000
retention	all_healthy_n30	push_c26_healthy	lag_t30_bytes	1123368.000000
retention	all_healthy_n30	push_c26_healthy	lag_t35_bytes	1338248.000000
retention	all_healthy_n30	push_c26_healthy	lag_t40_bytes	1510472.000000
retention	all_healthy_n30	push_c26_healthy	lag_t45_bytes	1672400.000000
retention	all_healthy_n30	push_c26_healthy	lag_t50_bytes	1837912.000000
retention	all_healthy_n30	push_c26_healthy	lag_t55_bytes	2000800.000000
retention	all_healthy_n30	push_c26_healthy	lag_t60_bytes	2166080.000000
retention	all_healthy_n30	push_c26_healthy	lag_t65_bytes	2332192.000000
retention	all_healthy_n30	push_c26_healthy	lag_t70_bytes	2608584.000000
retention	all_healthy_n30	push_c26_healthy	lag_t75_bytes	2866824.000000
retention	all_healthy_n30	push_c26_healthy	lag_t80_bytes	3099432.000000
retention	all_healthy_n30	push_c26_healthy	lag_t85_bytes	3274760.000000
retention	all_healthy_n30	push_c26_healthy	lag_t90_bytes	3436504.000000
retention	all_healthy_n30	push_c26_healthy	lag_end_bytes	3436504.000000
retention	all_healthy_n30	push_c26_healthy	lag_max_bytes	3436504.000000
retention	all_healthy_n30	push_c27_healthy	lag_t0_bytes	112.000000
retention	all_healthy_n30	push_c27_healthy	lag_t5_bytes	160816.000000
retention	all_healthy_n30	push_c27_healthy	lag_t10_bytes	319888.000000
retention	all_healthy_n30	push_c27_healthy	lag_t15_bytes	479272.000000
retention	all_healthy_n30	push_c27_healthy	lag_t20_bytes	648296.000000
retention	all_healthy_n30	push_c27_healthy	lag_t25_bytes	835512.000000
retention	all_healthy_n30	push_c27_healthy	lag_t30_bytes	1123312.000000
retention	all_healthy_n30	push_c27_healthy	lag_t35_bytes	1338192.000000
retention	all_healthy_n30	push_c27_healthy	lag_t40_bytes	1510416.000000
retention	all_healthy_n30	push_c27_healthy	lag_t45_bytes	1672344.000000
retention	all_healthy_n30	push_c27_healthy	lag_t50_bytes	1837856.000000
retention	all_healthy_n30	push_c27_healthy	lag_t55_bytes	2000744.000000
retention	all_healthy_n30	push_c27_healthy	lag_t60_bytes	2166024.000000
retention	all_healthy_n30	push_c27_healthy	lag_t65_bytes	2332136.000000
retention	all_healthy_n30	push_c27_healthy	lag_t70_bytes	2608528.000000
retention	all_healthy_n30	push_c27_healthy	lag_t75_bytes	2866768.000000
retention	all_healthy_n30	push_c27_healthy	lag_t80_bytes	3099376.000000
retention	all_healthy_n30	push_c27_healthy	lag_t85_bytes	3274704.000000
retention	all_healthy_n30	push_c27_healthy	lag_t90_bytes	3436448.000000
retention	all_healthy_n30	push_c27_healthy	lag_end_bytes	3436448.000000
retention	all_healthy_n30	push_c27_healthy	lag_max_bytes	3436448.000000
retention	all_healthy_n30	push_c28_healthy	lag_t0_bytes	56.000000
retention	all_healthy_n30	push_c28_healthy	lag_t5_bytes	160760.000000
retention	all_healthy_n30	push_c28_healthy	lag_t10_bytes	319832.000000
retention	all_healthy_n30	push_c28_healthy	lag_t15_bytes	479216.000000
retention	all_healthy_n30	push_c28_healthy	lag_t20_bytes	648240.000000
retention	all_healthy_n30	push_c28_healthy	lag_t25_bytes	835456.000000
retention	all_healthy_n30	push_c28_healthy	lag_t30_bytes	1123256.000000
retention	all_healthy_n30	push_c28_healthy	lag_t35_bytes	1338136.000000
retention	all_healthy_n30	push_c28_healthy	lag_t40_bytes	1510360.000000
retention	all_healthy_n30	push_c28_healthy	lag_t45_bytes	1672288.000000
retention	all_healthy_n30	push_c28_healthy	lag_t50_bytes	1837800.000000
retention	all_healthy_n30	push_c28_healthy	lag_t55_bytes	2000688.000000
retention	all_healthy_n30	push_c28_healthy	lag_t60_bytes	2165968.000000
retention	all_healthy_n30	push_c28_healthy	lag_t65_bytes	2332080.000000
retention	all_healthy_n30	push_c28_healthy	lag_t70_bytes	2608472.000000
retention	all_healthy_n30	push_c28_healthy	lag_t75_bytes	2866712.000000
retention	all_healthy_n30	push_c28_healthy	lag_t80_bytes	3099320.000000
retention	all_healthy_n30	push_c28_healthy	lag_t85_bytes	3274648.000000
retention	all_healthy_n30	push_c28_healthy	lag_t90_bytes	3436392.000000
retention	all_healthy_n30	push_c28_healthy	lag_end_bytes	3436392.000000
retention	all_healthy_n30	push_c28_healthy	lag_max_bytes	3436392.000000
retention	all_healthy_n30	push_c29_healthy	lag_t0_bytes	0.000000
retention	all_healthy_n30	push_c29_healthy	lag_t5_bytes	160704.000000
retention	all_healthy_n30	push_c29_healthy	lag_t10_bytes	319776.000000
retention	all_healthy_n30	push_c29_healthy	lag_t15_bytes	479160.000000
retention	all_healthy_n30	push_c29_healthy	lag_t20_bytes	648184.000000
retention	all_healthy_n30	push_c29_healthy	lag_t25_bytes	835400.000000
retention	all_healthy_n30	push_c29_healthy	lag_t30_bytes	1123200.000000
retention	all_healthy_n30	push_c29_healthy	lag_t35_bytes	1338080.000000
retention	all_healthy_n30	push_c29_healthy	lag_t40_bytes	1510304.000000
retention	all_healthy_n30	push_c29_healthy	lag_t45_bytes	1672232.000000
retention	all_healthy_n30	push_c29_healthy	lag_t50_bytes	1837744.000000
retention	all_healthy_n30	push_c29_healthy	lag_t55_bytes	2000632.000000
retention	all_healthy_n30	push_c29_healthy	lag_t60_bytes	2165912.000000
retention	all_healthy_n30	push_c29_healthy	lag_t65_bytes	2332024.000000
retention	all_healthy_n30	push_c29_healthy	lag_t70_bytes	2608416.000000
retention	all_healthy_n30	push_c29_healthy	lag_t75_bytes	2866656.000000
retention	all_healthy_n30	push_c29_healthy	lag_t80_bytes	3099264.000000
retention	all_healthy_n30	push_c29_healthy	lag_t85_bytes	3274592.000000
retention	all_healthy_n30	push_c29_healthy	lag_t90_bytes	3436336.000000
retention	all_healthy_n30	push_c29_healthy	lag_end_bytes	3436336.000000
retention	all_healthy_n30	push_c29_healthy	lag_max_bytes	3436336.000000
retention	all_healthy_n30	poll@100ms_c0_healthy	lag_t0_bytes	0.000000
retention	all_healthy_n30	poll@100ms_c0_healthy	lag_t5_bytes	0.000000
retention	all_healthy_n30	poll@100ms_c0_healthy	lag_t10_bytes	208.000000
retention	all_healthy_n30	poll@100ms_c0_healthy	lag_t15_bytes	208.000000
retention	all_healthy_n30	poll@100ms_c0_healthy	lag_t20_bytes	416.000000
retention	all_healthy_n30	poll@100ms_c0_healthy	lag_t25_bytes	624.000000
retention	all_healthy_n30	poll@100ms_c0_healthy	lag_t30_bytes	624.000000
retention	all_healthy_n30	poll@100ms_c0_healthy	lag_t35_bytes	832.000000
retention	all_healthy_n30	poll@100ms_c0_healthy	lag_t40_bytes	832.000000
retention	all_healthy_n30	poll@100ms_c0_healthy	lag_t45_bytes	1040.000000
retention	all_healthy_n30	poll@100ms_c0_healthy	lag_t50_bytes	1824.000000
retention	all_healthy_n30	poll@100ms_c0_healthy	lag_t55_bytes	1248.000000
retention	all_healthy_n30	poll@100ms_c0_healthy	lag_t60_bytes	1272.000000
retention	all_healthy_n30	poll@100ms_c0_healthy	lag_t65_bytes	1248.000000
retention	all_healthy_n30	poll@100ms_c0_healthy	lag_t70_bytes	2704.000000
retention	all_healthy_n30	poll@100ms_c0_healthy	lag_t75_bytes	3120.000000
retention	all_healthy_n30	poll@100ms_c0_healthy	lag_t80_bytes	3144.000000
retention	all_healthy_n30	poll@100ms_c0_healthy	lag_t85_bytes	3352.000000
retention	all_healthy_n30	poll@100ms_c0_healthy	lag_t90_bytes	416.000000
retention	all_healthy_n30	poll@100ms_c0_healthy	lag_end_bytes	416.000000
retention	all_healthy_n30	poll@100ms_c0_healthy	lag_max_bytes	3352.000000
retention	all_healthy_n30	poll@100ms_c1_healthy	lag_t0_bytes	0.000000
retention	all_healthy_n30	poll@100ms_c1_healthy	lag_t5_bytes	832.000000
retention	all_healthy_n30	poll@100ms_c1_healthy	lag_t10_bytes	832.000000
retention	all_healthy_n30	poll@100ms_c1_healthy	lag_t15_bytes	1664.000000
retention	all_healthy_n30	poll@100ms_c1_healthy	lag_t20_bytes	1664.000000
retention	all_healthy_n30	poll@100ms_c1_healthy	lag_t25_bytes	1664.000000
retention	all_healthy_n30	poll@100ms_c1_healthy	lag_t30_bytes	1664.000000
retention	all_healthy_n30	poll@100ms_c1_healthy	lag_t35_bytes	2080.000000
retention	all_healthy_n30	poll@100ms_c1_healthy	lag_t40_bytes	1872.000000
retention	all_healthy_n30	poll@100ms_c1_healthy	lag_t45_bytes	2104.000000
retention	all_healthy_n30	poll@100ms_c1_healthy	lag_t50_bytes	2864.000000
retention	all_healthy_n30	poll@100ms_c1_healthy	lag_t55_bytes	2312.000000
retention	all_healthy_n30	poll@100ms_c1_healthy	lag_t60_bytes	2312.000000
retention	all_healthy_n30	poll@100ms_c1_healthy	lag_t65_bytes	2704.000000
retention	all_healthy_n30	poll@100ms_c1_healthy	lag_t70_bytes	5016.000000
retention	all_healthy_n30	poll@100ms_c1_healthy	lag_t75_bytes	5408.000000
retention	all_healthy_n30	poll@100ms_c1_healthy	lag_t80_bytes	5432.000000
retention	all_healthy_n30	poll@100ms_c1_healthy	lag_t85_bytes	5432.000000
retention	all_healthy_n30	poll@100ms_c1_healthy	lag_t90_bytes	2704.000000
retention	all_healthy_n30	poll@100ms_c1_healthy	lag_end_bytes	2704.000000
retention	all_healthy_n30	poll@100ms_c1_healthy	lag_max_bytes	5432.000000
retention	all_healthy_n30	poll@100ms_c2_healthy	lag_t0_bytes	0.000000
retention	all_healthy_n30	poll@100ms_c2_healthy	lag_t5_bytes	1248.000000
retention	all_healthy_n30	poll@100ms_c2_healthy	lag_t10_bytes	1248.000000
retention	all_healthy_n30	poll@100ms_c2_healthy	lag_t15_bytes	2288.000000
retention	all_healthy_n30	poll@100ms_c2_healthy	lag_t20_bytes	2080.000000
retention	all_healthy_n30	poll@100ms_c2_healthy	lag_t25_bytes	2288.000000
retention	all_healthy_n30	poll@100ms_c2_healthy	lag_t30_bytes	2288.000000
retention	all_healthy_n30	poll@100ms_c2_healthy	lag_t35_bytes	2704.000000
retention	all_healthy_n30	poll@100ms_c2_healthy	lag_t40_bytes	2704.000000
retention	all_healthy_n30	poll@100ms_c2_healthy	lag_t45_bytes	2728.000000
retention	all_healthy_n30	poll@100ms_c2_healthy	lag_t50_bytes	3488.000000
retention	all_healthy_n30	poll@100ms_c2_healthy	lag_t55_bytes	2936.000000
retention	all_healthy_n30	poll@100ms_c2_healthy	lag_t60_bytes	2936.000000
retention	all_healthy_n30	poll@100ms_c2_healthy	lag_t65_bytes	3352.000000
retention	all_healthy_n30	poll@100ms_c2_healthy	lag_t70_bytes	6056.000000
retention	all_healthy_n30	poll@100ms_c2_healthy	lag_t75_bytes	6448.000000
retention	all_healthy_n30	poll@100ms_c2_healthy	lag_t80_bytes	416.000000
retention	all_healthy_n30	poll@100ms_c2_healthy	lag_t85_bytes	624.000000
retention	all_healthy_n30	poll@100ms_c2_healthy	lag_t90_bytes	0.000000
retention	all_healthy_n30	poll@100ms_c2_healthy	lag_end_bytes	0.000000
retention	all_healthy_n30	poll@100ms_c2_healthy	lag_max_bytes	6448.000000
retention	all_healthy_n30	poll@100ms_c3_healthy	lag_t0_bytes	0.000000
retention	all_healthy_n30	poll@100ms_c3_healthy	lag_t5_bytes	1456.000000
retention	all_healthy_n30	poll@100ms_c3_healthy	lag_t10_bytes	1456.000000
retention	all_healthy_n30	poll@100ms_c3_healthy	lag_t15_bytes	2912.000000
retention	all_healthy_n30	poll@100ms_c3_healthy	lag_t20_bytes	2704.000000
retention	all_healthy_n30	poll@100ms_c3_healthy	lag_t25_bytes	2912.000000
retention	all_healthy_n30	poll@100ms_c3_healthy	lag_t30_bytes	2704.000000
retention	all_healthy_n30	poll@100ms_c3_healthy	lag_t35_bytes	3120.000000
retention	all_healthy_n30	poll@100ms_c3_healthy	lag_t40_bytes	3120.000000
retention	all_healthy_n30	poll@100ms_c3_healthy	lag_t45_bytes	3144.000000
retention	all_healthy_n30	poll@100ms_c3_healthy	lag_t50_bytes	4112.000000
retention	all_healthy_n30	poll@100ms_c3_healthy	lag_t55_bytes	208.000000
retention	all_healthy_n30	poll@100ms_c3_healthy	lag_t60_bytes	208.000000
retention	all_healthy_n30	poll@100ms_c3_healthy	lag_t65_bytes	416.000000
retention	all_healthy_n30	poll@100ms_c3_healthy	lag_t70_bytes	832.000000
retention	all_healthy_n30	poll@100ms_c3_healthy	lag_t75_bytes	1248.000000
retention	all_healthy_n30	poll@100ms_c3_healthy	lag_t80_bytes	1272.000000
retention	all_healthy_n30	poll@100ms_c3_healthy	lag_t85_bytes	1456.000000
retention	all_healthy_n30	poll@100ms_c3_healthy	lag_t90_bytes	0.000000
retention	all_healthy_n30	poll@100ms_c3_healthy	lag_end_bytes	0.000000
retention	all_healthy_n30	poll@100ms_c3_healthy	lag_max_bytes	4112.000000
retention	all_healthy_n30	poll@100ms_c4_healthy	lag_t0_bytes	0.000000
retention	all_healthy_n30	poll@100ms_c4_healthy	lag_t5_bytes	1872.000000
retention	all_healthy_n30	poll@100ms_c4_healthy	lag_t10_bytes	1872.000000
retention	all_healthy_n30	poll@100ms_c4_healthy	lag_t15_bytes	3768.000000
retention	all_healthy_n30	poll@100ms_c4_healthy	lag_t20_bytes	0.000000
retention	all_healthy_n30	poll@100ms_c4_healthy	lag_t25_bytes	208.000000
retention	all_healthy_n30	poll@100ms_c4_healthy	lag_t30_bytes	208.000000
retention	all_healthy_n30	poll@100ms_c4_healthy	lag_t35_bytes	416.000000
retention	all_healthy_n30	poll@100ms_c4_healthy	lag_t40_bytes	624.000000
retention	all_healthy_n30	poll@100ms_c4_healthy	lag_t45_bytes	624.000000
retention	all_healthy_n30	poll@100ms_c4_healthy	lag_t50_bytes	832.000000
retention	all_healthy_n30	poll@100ms_c4_healthy	lag_t55_bytes	1040.000000
retention	all_healthy_n30	poll@100ms_c4_healthy	lag_t60_bytes	832.000000
retention	all_healthy_n30	poll@100ms_c4_healthy	lag_t65_bytes	1040.000000
retention	all_healthy_n30	poll@100ms_c4_healthy	lag_t70_bytes	2288.000000
retention	all_healthy_n30	poll@100ms_c4_healthy	lag_t75_bytes	2704.000000
retention	all_healthy_n30	poll@100ms_c4_healthy	lag_t80_bytes	2520.000000
retention	all_healthy_n30	poll@100ms_c4_healthy	lag_t85_bytes	2728.000000
retention	all_healthy_n30	poll@100ms_c4_healthy	lag_t90_bytes	0.000000
retention	all_healthy_n30	poll@100ms_c4_healthy	lag_end_bytes	0.000000
retention	all_healthy_n30	poll@100ms_c4_healthy	lag_max_bytes	3768.000000
retention	all_healthy_n30	poll@100ms_c5_healthy	lag_t0_bytes	0.000000
retention	all_healthy_n30	poll@100ms_c5_healthy	lag_t5_bytes	208.000000
retention	all_healthy_n30	poll@100ms_c5_healthy	lag_t10_bytes	416.000000
retention	all_healthy_n30	poll@100ms_c5_healthy	lag_t15_bytes	624.000000
retention	all_healthy_n30	poll@100ms_c5_healthy	lag_t20_bytes	832.000000
retention	all_healthy_n30	poll@100ms_c5_healthy	lag_t25_bytes	1040.000000
retention	all_healthy_n30	poll@100ms_c5_healthy	lag_t30_bytes	832.000000
retention	all_healthy_n30	poll@100ms_c5_healthy	lag_t35_bytes	1248.000000
retention	all_healthy_n30	poll@100ms_c5_healthy	lag_t40_bytes	1248.000000
retention	all_healthy_n30	poll@100ms_c5_healthy	lag_t45_bytes	1248.000000
retention	all_healthy_n30	poll@100ms_c5_healthy	lag_t50_bytes	2240.000000
retention	all_healthy_n30	poll@100ms_c5_healthy	lag_t55_bytes	1664.000000
retention	all_healthy_n30	poll@100ms_c5_healthy	lag_t60_bytes	1480.000000
retention	all_healthy_n30	poll@100ms_c5_healthy	lag_t65_bytes	1872.000000
retention	all_healthy_n30	poll@100ms_c5_healthy	lag_t70_bytes	3352.000000
retention	all_healthy_n30	poll@100ms_c5_healthy	lag_t75_bytes	3952.000000
retention	all_healthy_n30	poll@100ms_c5_healthy	lag_t80_bytes	3768.000000
retention	all_healthy_n30	poll@100ms_c5_healthy	lag_t85_bytes	3976.000000
retention	all_healthy_n30	poll@100ms_c5_healthy	lag_t90_bytes	1040.000000
retention	all_healthy_n30	poll@100ms_c5_healthy	lag_end_bytes	1040.000000
retention	all_healthy_n30	poll@100ms_c5_healthy	lag_max_bytes	3976.000000
retention	all_healthy_n30	poll@100ms_c6_healthy	lag_t0_bytes	0.000000
retention	all_healthy_n30	poll@100ms_c6_healthy	lag_t5_bytes	624.000000
retention	all_healthy_n30	poll@100ms_c6_healthy	lag_t10_bytes	832.000000
retention	all_healthy_n30	poll@100ms_c6_healthy	lag_t15_bytes	1456.000000
retention	all_healthy_n30	poll@100ms_c6_healthy	lag_t20_bytes	1664.000000
retention	all_healthy_n30	poll@100ms_c6_healthy	lag_t25_bytes	1664.000000
retention	all_healthy_n30	poll@100ms_c6_healthy	lag_t30_bytes	1664.000000
retention	all_healthy_n30	poll@100ms_c6_healthy	lag_t35_bytes	1872.000000
retention	all_healthy_n30	poll@100ms_c6_healthy	lag_t40_bytes	1872.000000
retention	all_healthy_n30	poll@100ms_c6_healthy	lag_t45_bytes	2104.000000
retention	all_healthy_n30	poll@100ms_c6_healthy	lag_t50_bytes	2864.000000
retention	all_healthy_n30	poll@100ms_c6_healthy	lag_t55_bytes	2312.000000
retention	all_healthy_n30	poll@100ms_c6_healthy	lag_t60_bytes	2312.000000
retention	all_healthy_n30	poll@100ms_c6_healthy	lag_t65_bytes	2496.000000
retention	all_healthy_n30	poll@100ms_c6_healthy	lag_t70_bytes	4600.000000
retention	all_healthy_n30	poll@100ms_c6_healthy	lag_t75_bytes	5200.000000
retention	all_healthy_n30	poll@100ms_c6_healthy	lag_t80_bytes	5016.000000
retention	all_healthy_n30	poll@100ms_c6_healthy	lag_t85_bytes	5224.000000
retention	all_healthy_n30	poll@100ms_c6_healthy	lag_t90_bytes	2288.000000
retention	all_healthy_n30	poll@100ms_c6_healthy	lag_end_bytes	2288.000000
retention	all_healthy_n30	poll@100ms_c6_healthy	lag_max_bytes	5224.000000
retention	all_healthy_n30	poll@100ms_c7_healthy	lag_t0_bytes	0.000000
retention	all_healthy_n30	poll@100ms_c7_healthy	lag_t5_bytes	1248.000000
retention	all_healthy_n30	poll@100ms_c7_healthy	lag_t10_bytes	1248.000000
retention	all_healthy_n30	poll@100ms_c7_healthy	lag_t15_bytes	2496.000000
retention	all_healthy_n30	poll@100ms_c7_healthy	lag_t20_bytes	2288.000000
retention	all_healthy_n30	poll@100ms_c7_healthy	lag_t25_bytes	2496.000000
retention	all_healthy_n30	poll@100ms_c7_healthy	lag_t30_bytes	2288.000000
retention	all_healthy_n30	poll@100ms_c7_healthy	lag_t35_bytes	2704.000000
retention	all_healthy_n30	poll@100ms_c7_healthy	lag_t40_bytes	2704.000000
retention	all_healthy_n30	poll@100ms_c7_healthy	lag_t45_bytes	2728.000000
retention	all_healthy_n30	poll@100ms_c7_healthy	lag_t50_bytes	3696.000000
retention	all_healthy_n30	poll@100ms_c7_healthy	lag_t55_bytes	2936.000000
retention	all_healthy_n30	poll@100ms_c7_healthy	lag_t60_bytes	2936.000000
retention	all_healthy_n30	poll@100ms_c7_healthy	lag_t65_bytes	3560.000000
retention	all_healthy_n30	poll@100ms_c7_healthy	lag_t70_bytes	6264.000000
retention	all_healthy_n30	poll@100ms_c7_healthy	lag_t75_bytes	208.000000
retention	all_healthy_n30	poll@100ms_c7_healthy	lag_t80_bytes	416.000000
retention	all_healthy_n30	poll@100ms_c7_healthy	lag_t85_bytes	624.000000
retention	all_healthy_n30	poll@100ms_c7_healthy	lag_t90_bytes	0.000000
retention	all_healthy_n30	poll@100ms_c7_healthy	lag_end_bytes	0.000000
retention	all_healthy_n30	poll@100ms_c7_healthy	lag_max_bytes	6264.000000
retention	all_healthy_n30	poll@100ms_c8_healthy	lag_t0_bytes	0.000000
retention	all_healthy_n30	poll@100ms_c8_healthy	lag_t5_bytes	1664.000000
retention	all_healthy_n30	poll@100ms_c8_healthy	lag_t10_bytes	1872.000000
retention	all_healthy_n30	poll@100ms_c8_healthy	lag_t15_bytes	3352.000000
retention	all_healthy_n30	poll@100ms_c8_healthy	lag_t20_bytes	3120.000000
retention	all_healthy_n30	poll@100ms_c8_healthy	lag_t25_bytes	3328.000000
retention	all_healthy_n30	poll@100ms_c8_healthy	lag_t30_bytes	3120.000000
retention	all_healthy_n30	poll@100ms_c8_healthy	lag_t35_bytes	3536.000000
retention	all_healthy_n30	poll@100ms_c8_healthy	lag_t40_bytes	208.000000
retention	all_healthy_n30	poll@100ms_c8_healthy	lag_t45_bytes	416.000000
retention	all_healthy_n30	poll@100ms_c8_healthy	lag_t50_bytes	416.000000
retention	all_healthy_n30	poll@100ms_c8_healthy	lag_t55_bytes	624.000000
retention	all_healthy_n30	poll@100ms_c8_healthy	lag_t60_bytes	624.000000
retention	all_healthy_n30	poll@100ms_c8_healthy	lag_t65_bytes	832.000000
retention	all_healthy_n30	poll@100ms_c8_healthy	lag_t70_bytes	1664.000000
retention	all_healthy_n30	poll@100ms_c8_healthy	lag_t75_bytes	2080.000000
retention	all_healthy_n30	poll@100ms_c8_healthy	lag_t80_bytes	2104.000000
retention	all_healthy_n30	poll@100ms_c8_healthy	lag_t85_bytes	2104.000000
retention	all_healthy_n30	poll@100ms_c8_healthy	lag_t90_bytes	0.000000
retention	all_healthy_n30	poll@100ms_c8_healthy	lag_end_bytes	0.000000
retention	all_healthy_n30	poll@100ms_c8_healthy	lag_max_bytes	3536.000000
retention	all_healthy_n30	poll@100ms_c9_healthy	lag_t0_bytes	0.000000
retention	all_healthy_n30	poll@100ms_c9_healthy	lag_t5_bytes	0.000000
retention	all_healthy_n30	poll@100ms_c9_healthy	lag_t10_bytes	208.000000
retention	all_healthy_n30	poll@100ms_c9_healthy	lag_t15_bytes	416.000000
retention	all_healthy_n30	poll@100ms_c9_healthy	lag_t20_bytes	416.000000
retention	all_healthy_n30	poll@100ms_c9_healthy	lag_t25_bytes	624.000000
retention	all_healthy_n30	poll@100ms_c9_healthy	lag_t30_bytes	624.000000
retention	all_healthy_n30	poll@100ms_c9_healthy	lag_t35_bytes	832.000000
retention	all_healthy_n30	poll@100ms_c9_healthy	lag_t40_bytes	1040.000000
retention	all_healthy_n30	poll@100ms_c9_healthy	lag_t45_bytes	1040.000000
retention	all_healthy_n30	poll@100ms_c9_healthy	lag_t50_bytes	1824.000000
retention	all_healthy_n30	poll@100ms_c9_healthy	lag_t55_bytes	1248.000000
retention	all_healthy_n30	poll@100ms_c9_healthy	lag_t60_bytes	1272.000000
retention	all_healthy_n30	poll@100ms_c9_healthy	lag_t65_bytes	1456.000000
retention	all_healthy_n30	poll@100ms_c9_healthy	lag_t70_bytes	2912.000000
retention	all_healthy_n30	poll@100ms_c9_healthy	lag_t75_bytes	3328.000000
retention	all_healthy_n30	poll@100ms_c9_healthy	lag_t80_bytes	3352.000000
retention	all_healthy_n30	poll@100ms_c9_healthy	lag_t85_bytes	3560.000000
retention	all_healthy_n30	poll@100ms_c9_healthy	lag_t90_bytes	624.000000
retention	all_healthy_n30	poll@100ms_c9_healthy	lag_end_bytes	624.000000
retention	all_healthy_n30	poll@100ms_c9_healthy	lag_max_bytes	3560.000000
retention	all_healthy_n30	poll@100ms_c10_healthy	lag_t0_bytes	0.000000
retention	all_healthy_n30	poll@100ms_c10_healthy	lag_t5_bytes	416.000000
retention	all_healthy_n30	poll@100ms_c10_healthy	lag_t10_bytes	416.000000
retention	all_healthy_n30	poll@100ms_c10_healthy	lag_t15_bytes	1040.000000
retention	all_healthy_n30	poll@100ms_c10_healthy	lag_t20_bytes	1248.000000
retention	all_healthy_n30	poll@100ms_c10_healthy	lag_t25_bytes	1248.000000
retention	all_healthy_n30	poll@100ms_c10_healthy	lag_t30_bytes	1248.000000
retention	all_healthy_n30	poll@100ms_c10_healthy	lag_t35_bytes	1456.000000
retention	all_healthy_n30	poll@100ms_c10_healthy	lag_t40_bytes	1456.000000
retention	all_healthy_n30	poll@100ms_c10_healthy	lag_t45_bytes	1456.000000
retention	all_healthy_n30	poll@100ms_c10_healthy	lag_t50_bytes	2448.000000
retention	all_healthy_n30	poll@100ms_c10_healthy	lag_t55_bytes	1896.000000
retention	all_healthy_n30	poll@100ms_c10_healthy	lag_t60_bytes	1688.000000
retention	all_healthy_n30	poll@100ms_c10_healthy	lag_t65_bytes	2080.000000
retention	all_healthy_n30	poll@100ms_c10_healthy	lag_t70_bytes	3768.000000
retention	all_healthy_n30	poll@100ms_c10_healthy	lag_t75_bytes	4368.000000
retention	all_healthy_n30	poll@100ms_c10_healthy	lag_t80_bytes	4184.000000
retention	all_healthy_n30	poll@100ms_c10_healthy	lag_t85_bytes	4392.000000
retention	all_healthy_n30	poll@100ms_c10_healthy	lag_t90_bytes	1456.000000
retention	all_healthy_n30	poll@100ms_c10_healthy	lag_end_bytes	1456.000000
retention	all_healthy_n30	poll@100ms_c10_healthy	lag_max_bytes	4392.000000
retention	all_healthy_n30	poll@100ms_c11_healthy	lag_t0_bytes	0.000000
retention	all_healthy_n30	poll@100ms_c11_healthy	lag_t5_bytes	832.000000
retention	all_healthy_n30	poll@100ms_c11_healthy	lag_t10_bytes	832.000000
retention	all_healthy_n30	poll@100ms_c11_healthy	lag_t15_bytes	1664.000000
retention	all_healthy_n30	poll@100ms_c11_healthy	lag_t20_bytes	1872.000000
retention	all_healthy_n30	poll@100ms_c11_healthy	lag_t25_bytes	1872.000000
retention	all_healthy_n30	poll@100ms_c11_healthy	lag_t30_bytes	1664.000000
retention	all_healthy_n30	poll@100ms_c11_healthy	lag_t35_bytes	2080.000000
retention	all_healthy_n30	poll@100ms_c11_healthy	lag_t40_bytes	2080.000000
retention	all_healthy_n30	poll@100ms_c11_healthy	lag_t45_bytes	2104.000000
retention	all_healthy_n30	poll@100ms_c11_healthy	lag_t50_bytes	3072.000000
retention	all_healthy_n30	poll@100ms_c11_healthy	lag_t55_bytes	2520.000000
retention	all_healthy_n30	poll@100ms_c11_healthy	lag_t60_bytes	2312.000000
retention	all_healthy_n30	poll@100ms_c11_healthy	lag_t65_bytes	2704.000000
retention	all_healthy_n30	poll@100ms_c11_healthy	lag_t70_bytes	5016.000000
retention	all_healthy_n30	poll@100ms_c11_healthy	lag_t75_bytes	5408.000000
retention	all_healthy_n30	poll@100ms_c11_healthy	lag_t80_bytes	5432.000000
retention	all_healthy_n30	poll@100ms_c11_healthy	lag_t85_bytes	5640.000000
retention	all_healthy_n30	poll@100ms_c11_healthy	lag_t90_bytes	2704.000000
retention	all_healthy_n30	poll@100ms_c11_healthy	lag_end_bytes	2704.000000
retention	all_healthy_n30	poll@100ms_c11_healthy	lag_max_bytes	5640.000000
retention	all_healthy_n30	poll@100ms_c12_healthy	lag_t0_bytes	0.000000
retention	all_healthy_n30	poll@100ms_c12_healthy	lag_t5_bytes	1248.000000
retention	all_healthy_n30	poll@100ms_c12_healthy	lag_t10_bytes	1248.000000
retention	all_healthy_n30	poll@100ms_c12_healthy	lag_t15_bytes	2496.000000
retention	all_healthy_n30	poll@100ms_c12_healthy	lag_t20_bytes	2288.000000
retention	all_healthy_n30	poll@100ms_c12_healthy	lag_t25_bytes	2496.000000
retention	all_healthy_n30	poll@100ms_c12_healthy	lag_t30_bytes	2496.000000
retention	all_healthy_n30	poll@100ms_c12_healthy	lag_t35_bytes	2704.000000
retention	all_healthy_n30	poll@100ms_c12_healthy	lag_t40_bytes	2912.000000
retention	all_healthy_n30	poll@100ms_c12_healthy	lag_t45_bytes	2936.000000
retention	all_healthy_n30	poll@100ms_c12_healthy	lag_t50_bytes	3696.000000
retention	all_healthy_n30	poll@100ms_c12_healthy	lag_t55_bytes	2936.000000
retention	all_healthy_n30	poll@100ms_c12_healthy	lag_t60_bytes	3144.000000
retention	all_healthy_n30	poll@100ms_c12_healthy	lag_t65_bytes	3560.000000
retention	all_healthy_n30	poll@100ms_c12_healthy	lag_t70_bytes	6264.000000
retention	all_healthy_n30	poll@100ms_c12_healthy	lag_t75_bytes	416.000000
retention	all_healthy_n30	poll@100ms_c12_healthy	lag_t80_bytes	416.000000
retention	all_healthy_n30	poll@100ms_c12_healthy	lag_t85_bytes	624.000000
retention	all_healthy_n30	poll@100ms_c12_healthy	lag_t90_bytes	0.000000
retention	all_healthy_n30	poll@100ms_c12_healthy	lag_end_bytes	0.000000
retention	all_healthy_n30	poll@100ms_c12_healthy	lag_max_bytes	6264.000000
retention	all_healthy_n30	poll@100ms_c13_healthy	lag_t0_bytes	0.000000
retention	all_healthy_n30	poll@100ms_c13_healthy	lag_t5_bytes	1664.000000
retention	all_healthy_n30	poll@100ms_c13_healthy	lag_t10_bytes	1664.000000
retention	all_healthy_n30	poll@100ms_c13_healthy	lag_t15_bytes	3120.000000
retention	all_healthy_n30	poll@100ms_c13_healthy	lag_t20_bytes	2912.000000
retention	all_healthy_n30	poll@100ms_c13_healthy	lag_t25_bytes	3120.000000
retention	all_healthy_n30	poll@100ms_c13_healthy	lag_t30_bytes	3120.000000
retention	all_healthy_n30	poll@100ms_c13_healthy	lag_t35_bytes	3328.000000
retention	all_healthy_n30	poll@100ms_c13_healthy	lag_t40_bytes	3536.000000
retention	all_healthy_n30	poll@100ms_c13_healthy	lag_t45_bytes	208.000000
retention	all_healthy_n30	poll@100ms_c13_healthy	lag_t50_bytes	208.000000
retention	all_healthy_n30	poll@100ms_c13_healthy	lag_t55_bytes	416.000000
retention	all_healthy_n30	poll@100ms_c13_healthy	lag_t60_bytes	416.000000
retention	all_healthy_n30	poll@100ms_c13_healthy	lag_t65_bytes	624.000000
retention	all_healthy_n30	poll@100ms_c13_healthy	lag_t70_bytes	1248.000000
retention	all_healthy_n30	poll@100ms_c13_healthy	lag_t75_bytes	1664.000000
retention	all_healthy_n30	poll@100ms_c13_healthy	lag_t80_bytes	1688.000000
retention	all_healthy_n30	poll@100ms_c13_healthy	lag_t85_bytes	1896.000000
retention	all_healthy_n30	poll@100ms_c13_healthy	lag_t90_bytes	0.000000
retention	all_healthy_n30	poll@100ms_c13_healthy	lag_end_bytes	0.000000
retention	all_healthy_n30	poll@100ms_c13_healthy	lag_max_bytes	3536.000000
retention	all_healthy_n30	poll@100ms_c14_healthy	lag_t0_bytes	0.000000
retention	all_healthy_n30	poll@100ms_c14_healthy	lag_t5_bytes	2080.000000
retention	all_healthy_n30	poll@100ms_c14_healthy	lag_t10_bytes	2080.000000
retention	all_healthy_n30	poll@100ms_c14_healthy	lag_t15_bytes	0.000000
retention	all_healthy_n30	poll@100ms_c14_healthy	lag_t20_bytes	208.000000
retention	all_healthy_n30	poll@100ms_c14_healthy	lag_t25_bytes	416.000000
retention	all_healthy_n30	poll@100ms_c14_healthy	lag_t30_bytes	416.000000
retention	all_healthy_n30	poll@100ms_c14_healthy	lag_t35_bytes	624.000000
retention	all_healthy_n30	poll@100ms_c14_healthy	lag_t40_bytes	832.000000
retention	all_healthy_n30	poll@100ms_c14_healthy	lag_t45_bytes	832.000000
retention	all_healthy_n30	poll@100ms_c14_healthy	lag_t50_bytes	832.000000
retention	all_healthy_n30	poll@100ms_c14_healthy	lag_t55_bytes	1040.000000
retention	all_healthy_n30	poll@100ms_c14_healthy	lag_t60_bytes	1064.000000
retention	all_healthy_n30	poll@100ms_c14_healthy	lag_t65_bytes	1248.000000
retention	all_healthy_n30	poll@100ms_c14_healthy	lag_t70_bytes	2496.000000
retention	all_healthy_n30	poll@100ms_c14_healthy	lag_t75_bytes	2912.000000
retention	all_healthy_n30	poll@100ms_c14_healthy	lag_t80_bytes	2936.000000
retention	all_healthy_n30	poll@100ms_c14_healthy	lag_t85_bytes	3144.000000
retention	all_healthy_n30	poll@100ms_c14_healthy	lag_t90_bytes	208.000000
retention	all_healthy_n30	poll@100ms_c14_healthy	lag_end_bytes	208.000000
retention	all_healthy_n30	poll@100ms_c14_healthy	lag_max_bytes	3144.000000
retention	all_healthy_n30	poll@100ms_c15_healthy	lag_t0_bytes	0.000000
retention	all_healthy_n30	poll@100ms_c15_healthy	lag_t5_bytes	416.000000
retention	all_healthy_n30	poll@100ms_c15_healthy	lag_t10_bytes	416.000000
retention	all_healthy_n30	poll@100ms_c15_healthy	lag_t15_bytes	1040.000000
retention	all_healthy_n30	poll@100ms_c15_healthy	lag_t20_bytes	1248.000000
retention	all_healthy_n30	poll@100ms_c15_healthy	lag_t25_bytes	1248.000000
retention	all_healthy_n30	poll@100ms_c15_healthy	lag_t30_bytes	1248.000000
retention	all_healthy_n30	poll@100ms_c15_healthy	lag_t35_bytes	1456.000000
retention	all_healthy_n30	poll@100ms_c15_healthy	lag_t40_bytes	1456.000000
retention	all_healthy_n30	poll@100ms_c15_healthy	lag_t45_bytes	1456.000000
retention	all_healthy_n30	poll@100ms_c15_healthy	lag_t50_bytes	2448.000000
retention	all_healthy_n30	poll@100ms_c15_healthy	lag_t55_bytes	1896.000000
retention	all_healthy_n30	poll@100ms_c15_healthy	lag_t60_bytes	1896.000000
retention	all_healthy_n30	poll@100ms_c15_healthy	lag_t65_bytes	2080.000000
retention	all_healthy_n30	poll@100ms_c15_healthy	lag_t70_bytes	3976.000000
retention	all_healthy_n30	poll@100ms_c15_healthy	lag_t75_bytes	4368.000000
retention	all_healthy_n30	poll@100ms_c15_healthy	lag_t80_bytes	4392.000000
retention	all_healthy_n30	poll@100ms_c15_healthy	lag_t85_bytes	4600.000000
retention	all_healthy_n30	poll@100ms_c15_healthy	lag_t90_bytes	1664.000000
retention	all_healthy_n30	poll@100ms_c15_healthy	lag_end_bytes	1664.000000
retention	all_healthy_n30	poll@100ms_c15_healthy	lag_max_bytes	4600.000000
retention	all_healthy_n30	poll@100ms_c16_healthy	lag_t0_bytes	0.000000
retention	all_healthy_n30	poll@100ms_c16_healthy	lag_t5_bytes	832.000000
retention	all_healthy_n30	poll@100ms_c16_healthy	lag_t10_bytes	1040.000000
retention	all_healthy_n30	poll@100ms_c16_healthy	lag_t15_bytes	1664.000000
retention	all_healthy_n30	poll@100ms_c16_healthy	lag_t20_bytes	1872.000000
retention	all_healthy_n30	poll@100ms_c16_healthy	lag_t25_bytes	1872.000000
retention	all_healthy_n30	poll@100ms_c16_healthy	lag_t30_bytes	1872.000000
retention	all_healthy_n30	poll@100ms_c16_healthy	lag_t35_bytes	2288.000000
retention	all_healthy_n30	poll@100ms_c16_healthy	lag_t40_bytes	2080.000000
retention	all_healthy_n30	poll@100ms_c16_healthy	lag_t45_bytes	2312.000000
retention	all_healthy_n30	poll@100ms_c16_healthy	lag_t50_bytes	3072.000000
retention	all_healthy_n30	poll@100ms_c16_healthy	lag_t55_bytes	2520.000000
retention	all_healthy_n30	poll@100ms_c16_healthy	lag_t60_bytes	2520.000000
retention	all_healthy_n30	poll@100ms_c16_healthy	lag_t65_bytes	2912.000000
retention	all_healthy_n30	poll@100ms_c16_healthy	lag_t70_bytes	5224.000000
retention	all_healthy_n30	poll@100ms_c16_healthy	lag_t75_bytes	5616.000000
retention	all_healthy_n30	poll@100ms_c16_healthy	lag_t80_bytes	5432.000000
retention	all_healthy_n30	poll@100ms_c16_healthy	lag_t85_bytes	5640.000000
retention	all_healthy_n30	poll@100ms_c16_healthy	lag_t90_bytes	2704.000000
retention	all_healthy_n30	poll@100ms_c16_healthy	lag_end_bytes	2704.000000
retention	all_healthy_n30	poll@100ms_c16_healthy	lag_max_bytes	5640.000000
retention	all_healthy_n30	poll@100ms_c17_healthy	lag_t0_bytes	0.000000
retention	all_healthy_n30	poll@100ms_c17_healthy	lag_t5_bytes	1040.000000
retention	all_healthy_n30	poll@100ms_c17_healthy	lag_t10_bytes	1248.000000
retention	all_healthy_n30	poll@100ms_c17_healthy	lag_t15_bytes	2288.000000
retention	all_healthy_n30	poll@100ms_c17_healthy	lag_t20_bytes	2080.000000
retention	all_healthy_n30	poll@100ms_c17_healthy	lag_t25_bytes	2288.000000
retention	all_healthy_n30	poll@100ms_c17_healthy	lag_t30_bytes	2288.000000
retention	all_healthy_n30	poll@100ms_c17_healthy	lag_t35_bytes	2704.000000
retention	all_healthy_n30	poll@100ms_c17_healthy	lag_t40_bytes	2704.000000
retention	all_healthy_n30	poll@100ms_c17_healthy	lag_t45_bytes	2728.000000
retention	all_healthy_n30	poll@100ms_c17_healthy	lag_t50_bytes	3488.000000
retention	all_healthy_n30	poll@100ms_c17_healthy	lag_t55_bytes	2936.000000
retention	all_healthy_n30	poll@100ms_c17_healthy	lag_t60_bytes	2936.000000
retention	all_healthy_n30	poll@100ms_c17_healthy	lag_t65_bytes	3352.000000
retention	all_healthy_n30	poll@100ms_c17_healthy	lag_t70_bytes	6056.000000
retention	all_healthy_n30	poll@100ms_c17_healthy	lag_t75_bytes	6448.000000
retention	all_healthy_n30	poll@100ms_c17_healthy	lag_t80_bytes	208.000000
retention	all_healthy_n30	poll@100ms_c17_healthy	lag_t85_bytes	416.000000
retention	all_healthy_n30	poll@100ms_c17_healthy	lag_t90_bytes	0.000000
retention	all_healthy_n30	poll@100ms_c17_healthy	lag_end_bytes	0.000000
retention	all_healthy_n30	poll@100ms_c17_healthy	lag_max_bytes	6448.000000
retention	all_healthy_n30	poll@100ms_c18_healthy	lag_t0_bytes	0.000000
retention	all_healthy_n30	poll@100ms_c18_healthy	lag_t5_bytes	1456.000000
retention	all_healthy_n30	poll@100ms_c18_healthy	lag_t10_bytes	1456.000000
retention	all_healthy_n30	poll@100ms_c18_healthy	lag_t15_bytes	2912.000000
retention	all_healthy_n30	poll@100ms_c18_healthy	lag_t20_bytes	2704.000000
retention	all_healthy_n30	poll@100ms_c18_healthy	lag_t25_bytes	2912.000000
retention	all_healthy_n30	poll@100ms_c18_healthy	lag_t30_bytes	2704.000000
retention	all_healthy_n30	poll@100ms_c18_healthy	lag_t35_bytes	3120.000000
retention	all_healthy_n30	poll@100ms_c18_healthy	lag_t40_bytes	3120.000000
retention	all_healthy_n30	poll@100ms_c18_healthy	lag_t45_bytes	3144.000000
retention	all_healthy_n30	poll@100ms_c18_healthy	lag_t50_bytes	4112.000000
retention	all_healthy_n30	poll@100ms_c18_healthy	lag_t55_bytes	208.000000
retention	all_healthy_n30	poll@100ms_c18_healthy	lag_t60_bytes	208.000000
retention	all_healthy_n30	poll@100ms_c18_healthy	lag_t65_bytes	416.000000
retention	all_healthy_n30	poll@100ms_c18_healthy	lag_t70_bytes	832.000000
retention	all_healthy_n30	poll@100ms_c18_healthy	lag_t75_bytes	1040.000000
retention	all_healthy_n30	poll@100ms_c18_healthy	lag_t80_bytes	1272.000000
retention	all_healthy_n30	poll@100ms_c18_healthy	lag_t85_bytes	1456.000000
retention	all_healthy_n30	poll@100ms_c18_healthy	lag_t90_bytes	0.000000
retention	all_healthy_n30	poll@100ms_c18_healthy	lag_end_bytes	0.000000
retention	all_healthy_n30	poll@100ms_c18_healthy	lag_max_bytes	4112.000000
retention	all_healthy_n30	poll@100ms_c19_healthy	lag_t0_bytes	0.000000
retention	all_healthy_n30	poll@100ms_c19_healthy	lag_t5_bytes	1872.000000
retention	all_healthy_n30	poll@100ms_c19_healthy	lag_t10_bytes	1872.000000
retention	all_healthy_n30	poll@100ms_c19_healthy	lag_t15_bytes	3560.000000
retention	all_healthy_n30	poll@100ms_c19_healthy	lag_t20_bytes	3328.000000
retention	all_healthy_n30	poll@100ms_c19_healthy	lag_t25_bytes	3328.000000
retention	all_healthy_n30	poll@100ms_c19_healthy	lag_t30_bytes	0.000000
retention	all_healthy_n30	poll@100ms_c19_healthy	lag_t35_bytes	208.000000
retention	all_healthy_n30	poll@100ms_c19_healthy	lag_t40_bytes	416.000000
retention	all_healthy_n30	poll@100ms_c19_healthy	lag_t45_bytes	416.000000
retention	all_healthy_n30	poll@100ms_c19_healthy	lag_t50_bytes	416.000000
retention	all_healthy_n30	poll@100ms_c19_healthy	lag_t55_bytes	624.000000
retention	all_healthy_n30	poll@100ms_c19_healthy	lag_t60_bytes	624.000000
retention	all_healthy_n30	poll@100ms_c19_healthy	lag_t65_bytes	832.000000
retention	all_healthy_n30	poll@100ms_c19_healthy	lag_t70_bytes	1872.000000
retention	all_healthy_n30	poll@100ms_c19_healthy	lag_t75_bytes	2288.000000
retention	all_healthy_n30	poll@100ms_c19_healthy	lag_t80_bytes	2312.000000
retention	all_healthy_n30	poll@100ms_c19_healthy	lag_t85_bytes	2520.000000
retention	all_healthy_n30	poll@100ms_c19_healthy	lag_t90_bytes	0.000000
retention	all_healthy_n30	poll@100ms_c19_healthy	lag_end_bytes	0.000000
retention	all_healthy_n30	poll@100ms_c19_healthy	lag_max_bytes	3560.000000
retention	all_healthy_n30	poll@100ms_c20_healthy	lag_t0_bytes	0.000000
retention	all_healthy_n30	poll@100ms_c20_healthy	lag_t5_bytes	0.000000
retention	all_healthy_n30	poll@100ms_c20_healthy	lag_t10_bytes	208.000000
retention	all_healthy_n30	poll@100ms_c20_healthy	lag_t15_bytes	416.000000
retention	all_healthy_n30	poll@100ms_c20_healthy	lag_t20_bytes	624.000000
retention	all_healthy_n30	poll@100ms_c20_healthy	lag_t25_bytes	624.000000
retention	all_healthy_n30	poll@100ms_c20_healthy	lag_t30_bytes	624.000000
retention	all_healthy_n30	poll@100ms_c20_healthy	lag_t35_bytes	1040.000000
retention	all_healthy_n30	poll@100ms_c20_healthy	lag_t40_bytes	1040.000000
retention	all_healthy_n30	poll@100ms_c20_healthy	lag_t45_bytes	1040.000000
retention	all_healthy_n30	poll@100ms_c20_healthy	lag_t50_bytes	1824.000000
retention	all_healthy_n30	poll@100ms_c20_healthy	lag_t55_bytes	1248.000000
retention	all_healthy_n30	poll@100ms_c20_healthy	lag_t60_bytes	1272.000000
retention	all_healthy_n30	poll@100ms_c20_healthy	lag_t65_bytes	1456.000000
retention	all_healthy_n30	poll@100ms_c20_healthy	lag_t70_bytes	2912.000000
retention	all_healthy_n30	poll@100ms_c20_healthy	lag_t75_bytes	3328.000000
retention	all_healthy_n30	poll@100ms_c20_healthy	lag_t80_bytes	3352.000000
retention	all_healthy_n30	poll@100ms_c20_healthy	lag_t85_bytes	3560.000000
retention	all_healthy_n30	poll@100ms_c20_healthy	lag_t90_bytes	624.000000
retention	all_healthy_n30	poll@100ms_c20_healthy	lag_end_bytes	624.000000
retention	all_healthy_n30	poll@100ms_c20_healthy	lag_max_bytes	3560.000000
retention	all_healthy_n30	poll@100ms_c21_healthy	lag_t0_bytes	0.000000
retention	all_healthy_n30	poll@100ms_c21_healthy	lag_t5_bytes	208.000000
retention	all_healthy_n30	poll@100ms_c21_healthy	lag_t10_bytes	416.000000
retention	all_healthy_n30	poll@100ms_c21_healthy	lag_t15_bytes	832.000000
retention	all_healthy_n30	poll@100ms_c21_healthy	lag_t20_bytes	1040.000000
retention	all_healthy_n30	poll@100ms_c21_healthy	lag_t25_bytes	1040.000000
retention	all_healthy_n30	poll@100ms_c21_healthy	lag_t30_bytes	1040.000000
retention	all_healthy_n30	poll@100ms_c21_healthy	lag_t35_bytes	1248.000000
retention	all_healthy_n30	poll@100ms_c21_healthy	lag_t40_bytes	1248.000000
retention	all_healthy_n30	poll@100ms_c21_healthy	lag_t45_bytes	1456.000000
retention	all_healthy_n30	poll@100ms_c21_healthy	lag_t50_bytes	2240.000000
retention	all_healthy_n30	poll@100ms_c21_healthy	lag_t55_bytes	1664.000000
retention	all_healthy_n30	poll@100ms_c21_healthy	lag_t60_bytes	1688.000000
retention	all_healthy_n30	poll@100ms_c21_healthy	lag_t65_bytes	1872.000000
retention	all_healthy_n30	poll@100ms_c21_healthy	lag_t70_bytes	3560.000000
retention	all_healthy_n30	poll@100ms_c21_healthy	lag_t75_bytes	3952.000000
retention	all_healthy_n30	poll@100ms_c21_healthy	lag_t80_bytes	3976.000000
retention	all_healthy_n30	poll@100ms_c21_healthy	lag_t85_bytes	4184.000000
retention	all_healthy_n30	poll@100ms_c21_healthy	lag_t90_bytes	1248.000000
retention	all_healthy_n30	poll@100ms_c21_healthy	lag_end_bytes	1248.000000
retention	all_healthy_n30	poll@100ms_c21_healthy	lag_max_bytes	4184.000000
retention	all_healthy_n30	poll@100ms_c22_healthy	lag_t0_bytes	0.000000
retention	all_healthy_n30	poll@100ms_c22_healthy	lag_t5_bytes	624.000000
retention	all_healthy_n30	poll@100ms_c22_healthy	lag_t10_bytes	832.000000
retention	all_healthy_n30	poll@100ms_c22_healthy	lag_t15_bytes	1456.000000
retention	all_healthy_n30	poll@100ms_c22_healthy	lag_t20_bytes	1664.000000
retention	all_healthy_n30	poll@100ms_c22_healthy	lag_t25_bytes	1664.000000
retention	all_healthy_n30	poll@100ms_c22_healthy	lag_t30_bytes	1664.000000
retention	all_healthy_n30	poll@100ms_c22_healthy	lag_t35_bytes	1872.000000
retention	all_healthy_n30	poll@100ms_c22_healthy	lag_t40_bytes	1872.000000
retention	all_healthy_n30	poll@100ms_c22_healthy	lag_t45_bytes	2104.000000
retention	all_healthy_n30	poll@100ms_c22_healthy	lag_t50_bytes	2864.000000
retention	all_healthy_n30	poll@100ms_c22_healthy	lag_t55_bytes	2312.000000
retention	all_healthy_n30	poll@100ms_c22_healthy	lag_t60_bytes	2312.000000
retention	all_healthy_n30	poll@100ms_c22_healthy	lag_t65_bytes	2496.000000
retention	all_healthy_n30	poll@100ms_c22_healthy	lag_t70_bytes	4808.000000
retention	all_healthy_n30	poll@100ms_c22_healthy	lag_t75_bytes	5200.000000
retention	all_healthy_n30	poll@100ms_c22_healthy	lag_t80_bytes	5224.000000
retention	all_healthy_n30	poll@100ms_c22_healthy	lag_t85_bytes	5224.000000
retention	all_healthy_n30	poll@100ms_c22_healthy	lag_t90_bytes	2496.000000
retention	all_healthy_n30	poll@100ms_c22_healthy	lag_end_bytes	2496.000000
retention	all_healthy_n30	poll@100ms_c22_healthy	lag_max_bytes	5224.000000
retention	all_healthy_n30	poll@100ms_c23_healthy	lag_t0_bytes	0.000000
retention	all_healthy_n30	poll@100ms_c23_healthy	lag_t5_bytes	832.000000
retention	all_healthy_n30	poll@100ms_c23_healthy	lag_t10_bytes	832.000000
retention	all_healthy_n30	poll@100ms_c23_healthy	lag_t15_bytes	1456.000000
retention	all_healthy_n30	poll@100ms_c23_healthy	lag_t20_bytes	1664.000000
retention	all_healthy_n30	poll@100ms_c23_healthy	lag_t25_bytes	1664.000000
retention	all_healthy_n30	poll@100ms_c23_healthy	lag_t30_bytes	1664.000000
retention	all_healthy_n30	poll@100ms_c23_healthy	lag_t35_bytes	2080.000000
retention	all_healthy_n30	poll@100ms_c23_healthy	lag_t40_bytes	1872.000000
retention	all_healthy_n30	poll@100ms_c23_healthy	lag_t45_bytes	2104.000000
retention	all_healthy_n30	poll@100ms_c23_healthy	lag_t50_bytes	2864.000000
retention	all_healthy_n30	poll@100ms_c23_healthy	lag_t55_bytes	2312.000000
retention	all_healthy_n30	poll@100ms_c23_healthy	lag_t60_bytes	2312.000000
retention	all_healthy_n30	poll@100ms_c23_healthy	lag_t65_bytes	2496.000000
retention	all_healthy_n30	poll@100ms_c23_healthy	lag_t70_bytes	4808.000000
retention	all_healthy_n30	poll@100ms_c23_healthy	lag_t75_bytes	5408.000000
retention	all_healthy_n30	poll@100ms_c23_healthy	lag_t80_bytes	5224.000000
retention	all_healthy_n30	poll@100ms_c23_healthy	lag_t85_bytes	5432.000000
retention	all_healthy_n30	poll@100ms_c23_healthy	lag_t90_bytes	2496.000000
retention	all_healthy_n30	poll@100ms_c23_healthy	lag_end_bytes	2496.000000
retention	all_healthy_n30	poll@100ms_c23_healthy	lag_max_bytes	5432.000000
retention	all_healthy_n30	poll@100ms_c24_healthy	lag_t0_bytes	0.000000
retention	all_healthy_n30	poll@100ms_c24_healthy	lag_t5_bytes	624.000000
retention	all_healthy_n30	poll@100ms_c24_healthy	lag_t10_bytes	624.000000
retention	all_healthy_n30	poll@100ms_c24_healthy	lag_t15_bytes	1456.000000
retention	all_healthy_n30	poll@100ms_c24_healthy	lag_t20_bytes	1664.000000
retention	all_healthy_n30	poll@100ms_c24_healthy	lag_t25_bytes	1456.000000
retention	all_healthy_n30	poll@100ms_c24_healthy	lag_t30_bytes	1456.000000
retention	all_healthy_n30	poll@100ms_c24_healthy	lag_t35_bytes	1664.000000
retention	all_healthy_n30	poll@100ms_c24_healthy	lag_t40_bytes	1872.000000
retention	all_healthy_n30	poll@100ms_c24_healthy	lag_t45_bytes	1896.000000
retention	all_healthy_n30	poll@100ms_c24_healthy	lag_t50_bytes	2656.000000
retention	all_healthy_n30	poll@100ms_c24_healthy	lag_t55_bytes	2104.000000
retention	all_healthy_n30	poll@100ms_c24_healthy	lag_t60_bytes	2104.000000
retention	all_healthy_n30	poll@100ms_c24_healthy	lag_t65_bytes	2288.000000
retention	all_healthy_n30	poll@100ms_c24_healthy	lag_t70_bytes	4600.000000
retention	all_healthy_n30	poll@100ms_c24_healthy	lag_t75_bytes	4992.000000
retention	all_healthy_n30	poll@100ms_c24_healthy	lag_t80_bytes	4808.000000
retention	all_healthy_n30	poll@100ms_c24_healthy	lag_t85_bytes	5016.000000
retention	all_healthy_n30	poll@100ms_c24_healthy	lag_t90_bytes	2288.000000
retention	all_healthy_n30	poll@100ms_c24_healthy	lag_end_bytes	2288.000000
retention	all_healthy_n30	poll@100ms_c24_healthy	lag_max_bytes	5016.000000
retention	all_healthy_n30	poll@100ms_c25_healthy	lag_t0_bytes	0.000000
retention	all_healthy_n30	poll@100ms_c25_healthy	lag_t5_bytes	416.000000
retention	all_healthy_n30	poll@100ms_c25_healthy	lag_t10_bytes	624.000000
retention	all_healthy_n30	poll@100ms_c25_healthy	lag_t15_bytes	1040.000000
retention	all_healthy_n30	poll@100ms_c25_healthy	lag_t20_bytes	1456.000000
retention	all_healthy_n30	poll@100ms_c25_healthy	lag_t25_bytes	1248.000000
retention	all_healthy_n30	poll@100ms_c25_healthy	lag_t30_bytes	1248.000000
retention	all_healthy_n30	poll@100ms_c25_healthy	lag_t35_bytes	1664.000000
retention	all_healthy_n30	poll@100ms_c25_healthy	lag_t40_bytes	1664.000000
retention	all_healthy_n30	poll@100ms_c25_healthy	lag_t45_bytes	1664.000000
retention	all_healthy_n30	poll@100ms_c25_healthy	lag_t50_bytes	2448.000000
retention	all_healthy_n30	poll@100ms_c25_healthy	lag_t55_bytes	1896.000000
retention	all_healthy_n30	poll@100ms_c25_healthy	lag_t60_bytes	1896.000000
retention	all_healthy_n30	poll@100ms_c25_healthy	lag_t65_bytes	2288.000000
retention	all_healthy_n30	poll@100ms_c25_healthy	lag_t70_bytes	4184.000000
retention	all_healthy_n30	poll@100ms_c25_healthy	lag_t75_bytes	4576.000000
retention	all_healthy_n30	poll@100ms_c25_healthy	lag_t80_bytes	4600.000000
retention	all_healthy_n30	poll@100ms_c25_healthy	lag_t85_bytes	4600.000000
retention	all_healthy_n30	poll@100ms_c25_healthy	lag_t90_bytes	1872.000000
retention	all_healthy_n30	poll@100ms_c25_healthy	lag_end_bytes	1872.000000
retention	all_healthy_n30	poll@100ms_c25_healthy	lag_max_bytes	4600.000000
retention	all_healthy_n30	poll@100ms_c26_healthy	lag_t0_bytes	0.000000
retention	all_healthy_n30	poll@100ms_c26_healthy	lag_t5_bytes	416.000000
retention	all_healthy_n30	poll@100ms_c26_healthy	lag_t10_bytes	416.000000
retention	all_healthy_n30	poll@100ms_c26_healthy	lag_t15_bytes	832.000000
retention	all_healthy_n30	poll@100ms_c26_healthy	lag_t20_bytes	1248.000000
retention	all_healthy_n30	poll@100ms_c26_healthy	lag_t25_bytes	1040.000000
retention	all_healthy_n30	poll@100ms_c26_healthy	lag_t30_bytes	1040.000000
retention	all_healthy_n30	poll@100ms_c26_healthy	lag_t35_bytes	1456.000000
retention	all_healthy_n30	poll@100ms_c26_healthy	lag_t40_bytes	1456.000000
retention	all_healthy_n30	poll@100ms_c26_healthy	lag_t45_bytes	1456.000000
retention	all_healthy_n30	poll@100ms_c26_healthy	lag_t50_bytes	2448.000000
retention	all_healthy_n30	poll@100ms_c26_healthy	lag_t55_bytes	1896.000000
retention	all_healthy_n30	poll@100ms_c26_healthy	lag_t60_bytes	1688.000000
retention	all_healthy_n30	poll@100ms_c26_healthy	lag_t65_bytes	2080.000000
retention	all_healthy_n30	poll@100ms_c26_healthy	lag_t70_bytes	3768.000000
retention	all_healthy_n30	poll@100ms_c26_healthy	lag_t75_bytes	4160.000000
retention	all_healthy_n30	poll@100ms_c26_healthy	lag_t80_bytes	4184.000000
retention	all_healthy_n30	poll@100ms_c26_healthy	lag_t85_bytes	4392.000000
retention	all_healthy_n30	poll@100ms_c26_healthy	lag_t90_bytes	1456.000000
retention	all_healthy_n30	poll@100ms_c26_healthy	lag_end_bytes	1456.000000
retention	all_healthy_n30	poll@100ms_c26_healthy	lag_max_bytes	4392.000000
retention	all_healthy_n30	poll@100ms_c27_healthy	lag_t0_bytes	0.000000
retention	all_healthy_n30	poll@100ms_c27_healthy	lag_t5_bytes	208.000000
retention	all_healthy_n30	poll@100ms_c27_healthy	lag_t10_bytes	416.000000
retention	all_healthy_n30	poll@100ms_c27_healthy	lag_t15_bytes	832.000000
retention	all_healthy_n30	poll@100ms_c27_healthy	lag_t20_bytes	1040.000000
retention	all_healthy_n30	poll@100ms_c27_healthy	lag_t25_bytes	1040.000000
retention	all_healthy_n30	poll@100ms_c27_healthy	lag_t30_bytes	832.000000
retention	all_healthy_n30	poll@100ms_c27_healthy	lag_t35_bytes	1248.000000
retention	all_healthy_n30	poll@100ms_c27_healthy	lag_t40_bytes	1248.000000
retention	all_healthy_n30	poll@100ms_c27_healthy	lag_t45_bytes	1248.000000
retention	all_healthy_n30	poll@100ms_c27_healthy	lag_t50_bytes	2240.000000
retention	all_healthy_n30	poll@100ms_c27_healthy	lag_t55_bytes	1664.000000
retention	all_healthy_n30	poll@100ms_c27_healthy	lag_t60_bytes	1688.000000
retention	all_healthy_n30	poll@100ms_c27_healthy	lag_t65_bytes	1872.000000
retention	all_healthy_n30	poll@100ms_c27_healthy	lag_t70_bytes	3560.000000
retention	all_healthy_n30	poll@100ms_c27_healthy	lag_t75_bytes	3952.000000
retention	all_healthy_n30	poll@100ms_c27_healthy	lag_t80_bytes	3976.000000
retention	all_healthy_n30	poll@100ms_c27_healthy	lag_t85_bytes	4184.000000
retention	all_healthy_n30	poll@100ms_c27_healthy	lag_t90_bytes	1248.000000
retention	all_healthy_n30	poll@100ms_c27_healthy	lag_end_bytes	1248.000000
retention	all_healthy_n30	poll@100ms_c27_healthy	lag_max_bytes	4184.000000
retention	all_healthy_n30	poll@100ms_c28_healthy	lag_t0_bytes	0.000000
retention	all_healthy_n30	poll@100ms_c28_healthy	lag_t5_bytes	208.000000
retention	all_healthy_n30	poll@100ms_c28_healthy	lag_t10_bytes	208.000000
retention	all_healthy_n30	poll@100ms_c28_healthy	lag_t15_bytes	624.000000
retention	all_healthy_n30	poll@100ms_c28_healthy	lag_t20_bytes	624.000000
retention	all_healthy_n30	poll@100ms_c28_healthy	lag_t25_bytes	832.000000
retention	all_healthy_n30	poll@100ms_c28_healthy	lag_t30_bytes	832.000000
retention	all_healthy_n30	poll@100ms_c28_healthy	lag_t35_bytes	1040.000000
retention	all_healthy_n30	poll@100ms_c28_healthy	lag_t40_bytes	1040.000000
retention	all_healthy_n30	poll@100ms_c28_healthy	lag_t45_bytes	1248.000000
retention	all_healthy_n30	poll@100ms_c28_healthy	lag_t50_bytes	2032.000000
retention	all_healthy_n30	poll@100ms_c28_healthy	lag_t55_bytes	1456.000000
retention	all_healthy_n30	poll@100ms_c28_healthy	lag_t60_bytes	1480.000000
retention	all_healthy_n30	poll@100ms_c28_healthy	lag_t65_bytes	1664.000000
retention	all_healthy_n30	poll@100ms_c28_healthy	lag_t70_bytes	3120.000000
retention	all_healthy_n30	poll@100ms_c28_healthy	lag_t75_bytes	3536.000000
retention	all_healthy_n30	poll@100ms_c28_healthy	lag_t80_bytes	3560.000000
retention	all_healthy_n30	poll@100ms_c28_healthy	lag_t85_bytes	3768.000000
retention	all_healthy_n30	poll@100ms_c28_healthy	lag_t90_bytes	832.000000
retention	all_healthy_n30	poll@100ms_c28_healthy	lag_end_bytes	832.000000
retention	all_healthy_n30	poll@100ms_c28_healthy	lag_max_bytes	3768.000000
retention	all_healthy_n30	poll@100ms_c29_healthy	lag_t0_bytes	0.000000
retention	all_healthy_n30	poll@100ms_c29_healthy	lag_t5_bytes	0.000000
retention	all_healthy_n30	poll@100ms_c29_healthy	lag_t10_bytes	208.000000
retention	all_healthy_n30	poll@100ms_c29_healthy	lag_t15_bytes	416.000000
retention	all_healthy_n30	poll@100ms_c29_healthy	lag_t20_bytes	416.000000
retention	all_healthy_n30	poll@100ms_c29_healthy	lag_t25_bytes	624.000000
retention	all_healthy_n30	poll@100ms_c29_healthy	lag_t30_bytes	624.000000
retention	all_healthy_n30	poll@100ms_c29_healthy	lag_t35_bytes	1040.000000
retention	all_healthy_n30	poll@100ms_c29_healthy	lag_t40_bytes	1040.000000
retention	all_healthy_n30	poll@100ms_c29_healthy	lag_t45_bytes	1040.000000
retention	all_healthy_n30	poll@100ms_c29_healthy	lag_t50_bytes	1824.000000
retention	all_healthy_n30	poll@100ms_c29_healthy	lag_t55_bytes	1248.000000
retention	all_healthy_n30	poll@100ms_c29_healthy	lag_t60_bytes	1272.000000
retention	all_healthy_n30	poll@100ms_c29_healthy	lag_t65_bytes	1456.000000
retention	all_healthy_n30	poll@100ms_c29_healthy	lag_t70_bytes	2912.000000
retention	all_healthy_n30	poll@100ms_c29_healthy	lag_t75_bytes	3328.000000
retention	all_healthy_n30	poll@100ms_c29_healthy	lag_t80_bytes	3352.000000
retention	all_healthy_n30	poll@100ms_c29_healthy	lag_t85_bytes	3560.000000
retention	all_healthy_n30	poll@100ms_c29_healthy	lag_t90_bytes	624.000000
retention	all_healthy_n30	poll@100ms_c29_healthy	lag_end_bytes	624.000000
retention	all_healthy_n30	poll@100ms_c29_healthy	lag_max_bytes	3560.000000
retention	one_slow_n5	push_c0_slow	lag_t0_bytes	224.000000
retention	one_slow_n5	push_c0_slow	lag_t5_bytes	333904.000000
retention	one_slow_n5	push_c0_slow	lag_t10_bytes	638392.000000
retention	one_slow_n5	push_c0_slow	lag_t15_bytes	939760.000000
retention	one_slow_n5	push_c0_slow	lag_t20_bytes	1234504.000000
retention	one_slow_n5	push_c0_slow	lag_t25_bytes	1316832.000000
retention	one_slow_n5	push_c0_slow	lag_t30_bytes	1394352.000000
retention	one_slow_n5	push_c0_slow	lag_t35_bytes	1472784.000000
retention	one_slow_n5	push_c0_slow	lag_t40_bytes	1552408.000000
retention	one_slow_n5	push_c0_slow	lag_t45_bytes	1633672.000000
retention	one_slow_n5	push_c0_slow	lag_t50_bytes	1712728.000000
retention	one_slow_n5	push_c0_slow	lag_t55_bytes	1791936.000000
retention	one_slow_n5	push_c0_slow	lag_t60_bytes	1863248.000000
retention	one_slow_n5	push_c0_slow	lag_t65_bytes	2022712.000000
retention	one_slow_n5	push_c0_slow	lag_t70_bytes	2211568.000000
retention	one_slow_n5	push_c0_slow	lag_t75_bytes	2397232.000000
retention	one_slow_n5	push_c0_slow	lag_t80_bytes	2580088.000000
retention	one_slow_n5	push_c0_slow	lag_t85_bytes	2766240.000000
retention	one_slow_n5	push_c0_slow	lag_t90_bytes	2951464.000000
retention	one_slow_n5	push_c0_slow	lag_end_bytes	2951464.000000
retention	one_slow_n5	push_c0_slow	lag_max_bytes	2951464.000000
retention	one_slow_n5	push_c1_healthy	lag_t0_bytes	168.000000
retention	one_slow_n5	push_c1_healthy	lag_t5_bytes	333848.000000
retention	one_slow_n5	push_c1_healthy	lag_t10_bytes	638336.000000
retention	one_slow_n5	push_c1_healthy	lag_t15_bytes	939704.000000
retention	one_slow_n5	push_c1_healthy	lag_t20_bytes	1234448.000000
retention	one_slow_n5	push_c1_healthy	lag_t25_bytes	1316776.000000
retention	one_slow_n5	push_c1_healthy	lag_t30_bytes	1394296.000000
retention	one_slow_n5	push_c1_healthy	lag_t35_bytes	1472728.000000
retention	one_slow_n5	push_c1_healthy	lag_t40_bytes	1552352.000000
retention	one_slow_n5	push_c1_healthy	lag_t45_bytes	1633616.000000
retention	one_slow_n5	push_c1_healthy	lag_t50_bytes	1712672.000000
retention	one_slow_n5	push_c1_healthy	lag_t55_bytes	1791880.000000
retention	one_slow_n5	push_c1_healthy	lag_t60_bytes	1863192.000000
retention	one_slow_n5	push_c1_healthy	lag_t65_bytes	2022656.000000
retention	one_slow_n5	push_c1_healthy	lag_t70_bytes	2211512.000000
retention	one_slow_n5	push_c1_healthy	lag_t75_bytes	2397176.000000
retention	one_slow_n5	push_c1_healthy	lag_t80_bytes	2580032.000000
retention	one_slow_n5	push_c1_healthy	lag_t85_bytes	2766184.000000
retention	one_slow_n5	push_c1_healthy	lag_t90_bytes	2951408.000000
retention	one_slow_n5	push_c1_healthy	lag_end_bytes	2951408.000000
retention	one_slow_n5	push_c1_healthy	lag_max_bytes	2951408.000000
retention	one_slow_n5	push_c2_healthy	lag_t0_bytes	112.000000
retention	one_slow_n5	push_c2_healthy	lag_t5_bytes	333792.000000
retention	one_slow_n5	push_c2_healthy	lag_t10_bytes	638280.000000
retention	one_slow_n5	push_c2_healthy	lag_t15_bytes	939648.000000
retention	one_slow_n5	push_c2_healthy	lag_t20_bytes	1234392.000000
retention	one_slow_n5	push_c2_healthy	lag_t25_bytes	1316720.000000
retention	one_slow_n5	push_c2_healthy	lag_t30_bytes	1394240.000000
retention	one_slow_n5	push_c2_healthy	lag_t35_bytes	1472672.000000
retention	one_slow_n5	push_c2_healthy	lag_t40_bytes	1552296.000000
retention	one_slow_n5	push_c2_healthy	lag_t45_bytes	1633560.000000
retention	one_slow_n5	push_c2_healthy	lag_t50_bytes	1712616.000000
retention	one_slow_n5	push_c2_healthy	lag_t55_bytes	1791824.000000
retention	one_slow_n5	push_c2_healthy	lag_t60_bytes	1863136.000000
retention	one_slow_n5	push_c2_healthy	lag_t65_bytes	2022600.000000
retention	one_slow_n5	push_c2_healthy	lag_t70_bytes	2211456.000000
retention	one_slow_n5	push_c2_healthy	lag_t75_bytes	2397120.000000
retention	one_slow_n5	push_c2_healthy	lag_t80_bytes	2579976.000000
retention	one_slow_n5	push_c2_healthy	lag_t85_bytes	2766128.000000
retention	one_slow_n5	push_c2_healthy	lag_t90_bytes	2951352.000000
retention	one_slow_n5	push_c2_healthy	lag_end_bytes	2951352.000000
retention	one_slow_n5	push_c2_healthy	lag_max_bytes	2951352.000000
retention	one_slow_n5	push_c3_healthy	lag_t0_bytes	56.000000
retention	one_slow_n5	push_c3_healthy	lag_t5_bytes	333736.000000
retention	one_slow_n5	push_c3_healthy	lag_t10_bytes	638224.000000
retention	one_slow_n5	push_c3_healthy	lag_t15_bytes	939592.000000
retention	one_slow_n5	push_c3_healthy	lag_t20_bytes	1234336.000000
retention	one_slow_n5	push_c3_healthy	lag_t25_bytes	1316664.000000
retention	one_slow_n5	push_c3_healthy	lag_t30_bytes	1394184.000000
retention	one_slow_n5	push_c3_healthy	lag_t35_bytes	1472616.000000
retention	one_slow_n5	push_c3_healthy	lag_t40_bytes	1552240.000000
retention	one_slow_n5	push_c3_healthy	lag_t45_bytes	1633504.000000
retention	one_slow_n5	push_c3_healthy	lag_t50_bytes	1712560.000000
retention	one_slow_n5	push_c3_healthy	lag_t55_bytes	1791768.000000
retention	one_slow_n5	push_c3_healthy	lag_t60_bytes	1863080.000000
retention	one_slow_n5	push_c3_healthy	lag_t65_bytes	2022544.000000
retention	one_slow_n5	push_c3_healthy	lag_t70_bytes	2211400.000000
retention	one_slow_n5	push_c3_healthy	lag_t75_bytes	2397064.000000
retention	one_slow_n5	push_c3_healthy	lag_t80_bytes	2579920.000000
retention	one_slow_n5	push_c3_healthy	lag_t85_bytes	2766072.000000
retention	one_slow_n5	push_c3_healthy	lag_t90_bytes	2951296.000000
retention	one_slow_n5	push_c3_healthy	lag_end_bytes	2951296.000000
retention	one_slow_n5	push_c3_healthy	lag_max_bytes	2951296.000000
retention	one_slow_n5	push_c4_healthy	lag_t0_bytes	0.000000
retention	one_slow_n5	push_c4_healthy	lag_t5_bytes	333680.000000
retention	one_slow_n5	push_c4_healthy	lag_t10_bytes	638168.000000
retention	one_slow_n5	push_c4_healthy	lag_t15_bytes	939536.000000
retention	one_slow_n5	push_c4_healthy	lag_t20_bytes	1234280.000000
retention	one_slow_n5	push_c4_healthy	lag_t25_bytes	1316608.000000
retention	one_slow_n5	push_c4_healthy	lag_t30_bytes	1394128.000000
retention	one_slow_n5	push_c4_healthy	lag_t35_bytes	1472560.000000
retention	one_slow_n5	push_c4_healthy	lag_t40_bytes	1552184.000000
retention	one_slow_n5	push_c4_healthy	lag_t45_bytes	1633448.000000
retention	one_slow_n5	push_c4_healthy	lag_t50_bytes	1712504.000000
retention	one_slow_n5	push_c4_healthy	lag_t55_bytes	1791712.000000
retention	one_slow_n5	push_c4_healthy	lag_t60_bytes	1863024.000000
retention	one_slow_n5	push_c4_healthy	lag_t65_bytes	2022488.000000
retention	one_slow_n5	push_c4_healthy	lag_t70_bytes	2211344.000000
retention	one_slow_n5	push_c4_healthy	lag_t75_bytes	2397008.000000
retention	one_slow_n5	push_c4_healthy	lag_t80_bytes	2579864.000000
retention	one_slow_n5	push_c4_healthy	lag_t85_bytes	2766016.000000
retention	one_slow_n5	push_c4_healthy	lag_t90_bytes	2951240.000000
retention	one_slow_n5	push_c4_healthy	lag_end_bytes	2951240.000000
retention	one_slow_n5	push_c4_healthy	lag_max_bytes	2951240.000000
retention	one_slow_n5	poll@100ms_c0_slow	lag_t0_bytes	0.000000
retention	one_slow_n5	poll@100ms_c0_slow	lag_t5_bytes	1248.000000
retention	one_slow_n5	poll@100ms_c0_slow	lag_t10_bytes	1248.000000
retention	one_slow_n5	poll@100ms_c0_slow	lag_t15_bytes	1456.000000
retention	one_slow_n5	poll@100ms_c0_slow	lag_t20_bytes	1664.000000
retention	one_slow_n5	poll@100ms_c0_slow	lag_t25_bytes	1872.000000
retention	one_slow_n5	poll@100ms_c0_slow	lag_t30_bytes	147784.000000
retention	one_slow_n5	poll@100ms_c0_slow	lag_t35_bytes	244712.000000
retention	one_slow_n5	poll@100ms_c0_slow	lag_t40_bytes	551352.000000
retention	one_slow_n5	poll@100ms_c0_slow	lag_t45_bytes	858360.000000
retention	one_slow_n5	poll@100ms_c0_slow	lag_t50_bytes	1057000.000000
retention	one_slow_n5	poll@100ms_c0_slow	lag_t55_bytes	1109512.000000
retention	one_slow_n5	poll@100ms_c0_slow	lag_t60_bytes	1161240.000000
retention	one_slow_n5	poll@100ms_c0_slow	lag_t65_bytes	1213160.000000
retention	one_slow_n5	poll@100ms_c0_slow	lag_t70_bytes	1266088.000000
retention	one_slow_n5	poll@100ms_c0_slow	lag_t75_bytes	1318024.000000
retention	one_slow_n5	poll@100ms_c0_slow	lag_t80_bytes	1368904.000000
retention	one_slow_n5	poll@100ms_c0_slow	lag_t85_bytes	1419728.000000
retention	one_slow_n5	poll@100ms_c0_slow	lag_t90_bytes	38392.000000
retention	one_slow_n5	poll@100ms_c0_slow	lag_end_bytes	38392.000000
retention	one_slow_n5	poll@100ms_c0_slow	lag_max_bytes	1419728.000000
retention	one_slow_n5	poll@100ms_c1_healthy	lag_t0_bytes	0.000000
retention	one_slow_n5	poll@100ms_c1_healthy	lag_t5_bytes	1040.000000
retention	one_slow_n5	poll@100ms_c1_healthy	lag_t10_bytes	1040.000000
retention	one_slow_n5	poll@100ms_c1_healthy	lag_t15_bytes	1248.000000
retention	one_slow_n5	poll@100ms_c1_healthy	lag_t20_bytes	1456.000000
retention	one_slow_n5	poll@100ms_c1_healthy	lag_t25_bytes	1456.000000
retention	one_slow_n5	poll@100ms_c1_healthy	lag_t30_bytes	3280.000000
retention	one_slow_n5	poll@100ms_c1_healthy	lag_t35_bytes	3464.000000
retention	one_slow_n5	poll@100ms_c1_healthy	lag_t40_bytes	2912.000000
retention	one_slow_n5	poll@100ms_c1_healthy	lag_t45_bytes	3120.000000
retention	one_slow_n5	poll@100ms_c1_healthy	lag_t50_bytes	624.000000
retention	one_slow_n5	poll@100ms_c1_healthy	lag_t55_bytes	624.000000
retention	one_slow_n5	poll@100ms_c1_healthy	lag_t60_bytes	832.000000
retention	one_slow_n5	poll@100ms_c1_healthy	lag_t65_bytes	208.000000
retention	one_slow_n5	poll@100ms_c1_healthy	lag_t70_bytes	208.000000
retention	one_slow_n5	poll@100ms_c1_healthy	lag_t75_bytes	416.000000
retention	one_slow_n5	poll@100ms_c1_healthy	lag_t80_bytes	624.000000
retention	one_slow_n5	poll@100ms_c1_healthy	lag_t85_bytes	208.000000
retention	one_slow_n5	poll@100ms_c1_healthy	lag_t90_bytes	208.000000
retention	one_slow_n5	poll@100ms_c1_healthy	lag_end_bytes	208.000000
retention	one_slow_n5	poll@100ms_c1_healthy	lag_max_bytes	3464.000000
retention	one_slow_n5	poll@100ms_c2_healthy	lag_t0_bytes	0.000000
retention	one_slow_n5	poll@100ms_c2_healthy	lag_t5_bytes	624.000000
retention	one_slow_n5	poll@100ms_c2_healthy	lag_t10_bytes	624.000000
retention	one_slow_n5	poll@100ms_c2_healthy	lag_t15_bytes	1040.000000
retention	one_slow_n5	poll@100ms_c2_healthy	lag_t20_bytes	1040.000000
retention	one_slow_n5	poll@100ms_c2_healthy	lag_t25_bytes	1248.000000
retention	one_slow_n5	poll@100ms_c2_healthy	lag_t30_bytes	3072.000000
retention	one_slow_n5	poll@100ms_c2_healthy	lag_t35_bytes	3048.000000
retention	one_slow_n5	poll@100ms_c2_healthy	lag_t40_bytes	2496.000000
retention	one_slow_n5	poll@100ms_c2_healthy	lag_t45_bytes	2704.000000
retention	one_slow_n5	poll@100ms_c2_healthy	lag_t50_bytes	624.000000
retention	one_slow_n5	poll@100ms_c2_healthy	lag_t55_bytes	416.000000
retention	one_slow_n5	poll@100ms_c2_healthy	lag_t60_bytes	624.000000
retention	one_slow_n5	poll@100ms_c2_healthy	lag_t65_bytes	416.000000
retention	one_slow_n5	poll@100ms_c2_healthy	lag_t70_bytes	416.000000
retention	one_slow_n5	poll@100ms_c2_healthy	lag_t75_bytes	624.000000
retention	one_slow_n5	poll@100ms_c2_healthy	lag_t80_bytes	416.000000
retention	one_slow_n5	poll@100ms_c2_healthy	lag_t85_bytes	208.000000
retention	one_slow_n5	poll@100ms_c2_healthy	lag_t90_bytes	0.000000
retention	one_slow_n5	poll@100ms_c2_healthy	lag_end_bytes	0.000000
retention	one_slow_n5	poll@100ms_c2_healthy	lag_max_bytes	3072.000000
retention	one_slow_n5	poll@100ms_c3_healthy	lag_t0_bytes	0.000000
retention	one_slow_n5	poll@100ms_c3_healthy	lag_t5_bytes	416.000000
retention	one_slow_n5	poll@100ms_c3_healthy	lag_t10_bytes	416.000000
retention	one_slow_n5	poll@100ms_c3_healthy	lag_t15_bytes	624.000000
retention	one_slow_n5	poll@100ms_c3_healthy	lag_t20_bytes	832.000000
retention	one_slow_n5	poll@100ms_c3_healthy	lag_t25_bytes	1040.000000
retention	one_slow_n5	poll@100ms_c3_healthy	lag_t30_bytes	2448.000000
retention	one_slow_n5	poll@100ms_c3_healthy	lag_t35_bytes	2632.000000
retention	one_slow_n5	poll@100ms_c3_healthy	lag_t40_bytes	2080.000000
retention	one_slow_n5	poll@100ms_c3_healthy	lag_t45_bytes	2288.000000
retention	one_slow_n5	poll@100ms_c3_healthy	lag_t50_bytes	416.000000
retention	one_slow_n5	poll@100ms_c3_healthy	lag_t55_bytes	416.000000
retention	one_slow_n5	poll@100ms_c3_healthy	lag_t60_bytes	624.000000
retention	one_slow_n5	poll@100ms_c3_healthy	lag_t65_bytes	416.000000
retention	one_slow_n5	poll@100ms_c3_healthy	lag_t70_bytes	416.000000
retention	one_slow_n5	poll@100ms_c3_healthy	lag_t75_bytes	624.000000
retention	one_slow_n5	poll@100ms_c3_healthy	lag_t80_bytes	1040.000000
retention	one_slow_n5	poll@100ms_c3_healthy	lag_t85_bytes	832.000000
retention	one_slow_n5	poll@100ms_c3_healthy	lag_t90_bytes	624.000000
retention	one_slow_n5	poll@100ms_c3_healthy	lag_end_bytes	624.000000
retention	one_slow_n5	poll@100ms_c3_healthy	lag_max_bytes	2632.000000
retention	one_slow_n5	poll@100ms_c4_healthy	lag_t0_bytes	0.000000
retention	one_slow_n5	poll@100ms_c4_healthy	lag_t5_bytes	208.000000
retention	one_slow_n5	poll@100ms_c4_healthy	lag_t10_bytes	208.000000
retention	one_slow_n5	poll@100ms_c4_healthy	lag_t15_bytes	416.000000
retention	one_slow_n5	poll@100ms_c4_healthy	lag_t20_bytes	624.000000
retention	one_slow_n5	poll@100ms_c4_healthy	lag_t25_bytes	832.000000
retention	one_slow_n5	poll@100ms_c4_healthy	lag_t30_bytes	2032.000000
retention	one_slow_n5	poll@100ms_c4_healthy	lag_t35_bytes	2216.000000
retention	one_slow_n5	poll@100ms_c4_healthy	lag_t40_bytes	1664.000000
retention	one_slow_n5	poll@100ms_c4_healthy	lag_t45_bytes	1872.000000
retention	one_slow_n5	poll@100ms_c4_healthy	lag_t50_bytes	416.000000
retention	one_slow_n5	poll@100ms_c4_healthy	lag_t55_bytes	416.000000
retention	one_slow_n5	poll@100ms_c4_healthy	lag_t60_bytes	416.000000
retention	one_slow_n5	poll@100ms_c4_healthy	lag_t65_bytes	416.000000
retention	one_slow_n5	poll@100ms_c4_healthy	lag_t70_bytes	416.000000
retention	one_slow_n5	poll@100ms_c4_healthy	lag_t75_bytes	624.000000
retention	one_slow_n5	poll@100ms_c4_healthy	lag_t80_bytes	624.000000
retention	one_slow_n5	poll@100ms_c4_healthy	lag_t85_bytes	416.000000
retention	one_slow_n5	poll@100ms_c4_healthy	lag_t90_bytes	208.000000
retention	one_slow_n5	poll@100ms_c4_healthy	lag_end_bytes	208.000000
retention	one_slow_n5	poll@100ms_c4_healthy	lag_max_bytes	2216.000000
retention	one_slow_n30	push_c0_slow	lag_t0_bytes	1624.000000
retention	one_slow_n30	push_c0_slow	lag_t5_bytes	52712.000000
retention	one_slow_n30	push_c0_slow	lag_t10_bytes	105408.000000
retention	one_slow_n30	push_c0_slow	lag_t15_bytes	156952.000000
retention	one_slow_n30	push_c0_slow	lag_t20_bytes	201568.000000
retention	one_slow_n30	push_c0_slow	lag_t25_bytes	294120.000000
retention	one_slow_n30	push_c0_slow	lag_t30_bytes	374552.000000
retention	one_slow_n30	push_c0_slow	lag_t35_bytes	451528.000000
retention	one_slow_n30	push_c0_slow	lag_t40_bytes	531128.000000
retention	one_slow_n30	push_c0_slow	lag_t45_bytes	612416.000000
retention	one_slow_n30	push_c0_slow	lag_t50_bytes	686248.000000
retention	one_slow_n30	push_c0_slow	lag_t55_bytes	762360.000000
retention	one_slow_n30	push_c0_slow	lag_t60_bytes	818824.000000
retention	one_slow_n30	push_c0_slow	lag_t65_bytes	886880.000000
retention	one_slow_n30	push_c0_slow	lag_t70_bytes	939368.000000
retention	one_slow_n30	push_c0_slow	lag_t75_bytes	990808.000000
retention	one_slow_n30	push_c0_slow	lag_t80_bytes	1042312.000000
retention	one_slow_n30	push_c0_slow	lag_t85_bytes	1090712.000000
retention	one_slow_n30	push_c0_slow	lag_t90_bytes	1146552.000000
retention	one_slow_n30	push_c0_slow	lag_end_bytes	1146552.000000
retention	one_slow_n30	push_c0_slow	lag_max_bytes	1146552.000000
retention	one_slow_n30	push_c1_healthy	lag_t0_bytes	1568.000000
retention	one_slow_n30	push_c1_healthy	lag_t5_bytes	52656.000000
retention	one_slow_n30	push_c1_healthy	lag_t10_bytes	105352.000000
retention	one_slow_n30	push_c1_healthy	lag_t15_bytes	156896.000000
retention	one_slow_n30	push_c1_healthy	lag_t20_bytes	201512.000000
retention	one_slow_n30	push_c1_healthy	lag_t25_bytes	294064.000000
retention	one_slow_n30	push_c1_healthy	lag_t30_bytes	374496.000000
retention	one_slow_n30	push_c1_healthy	lag_t35_bytes	451472.000000
retention	one_slow_n30	push_c1_healthy	lag_t40_bytes	531072.000000
retention	one_slow_n30	push_c1_healthy	lag_t45_bytes	612360.000000
retention	one_slow_n30	push_c1_healthy	lag_t50_bytes	686192.000000
retention	one_slow_n30	push_c1_healthy	lag_t55_bytes	762304.000000
retention	one_slow_n30	push_c1_healthy	lag_t60_bytes	818768.000000
retention	one_slow_n30	push_c1_healthy	lag_t65_bytes	886824.000000
retention	one_slow_n30	push_c1_healthy	lag_t70_bytes	939312.000000
retention	one_slow_n30	push_c1_healthy	lag_t75_bytes	990752.000000
retention	one_slow_n30	push_c1_healthy	lag_t80_bytes	1042256.000000
retention	one_slow_n30	push_c1_healthy	lag_t85_bytes	1090656.000000
retention	one_slow_n30	push_c1_healthy	lag_t90_bytes	1146496.000000
retention	one_slow_n30	push_c1_healthy	lag_end_bytes	1146496.000000
retention	one_slow_n30	push_c1_healthy	lag_max_bytes	1146496.000000
retention	one_slow_n30	push_c2_healthy	lag_t0_bytes	1512.000000
retention	one_slow_n30	push_c2_healthy	lag_t5_bytes	52600.000000
retention	one_slow_n30	push_c2_healthy	lag_t10_bytes	105296.000000
retention	one_slow_n30	push_c2_healthy	lag_t15_bytes	156840.000000
retention	one_slow_n30	push_c2_healthy	lag_t20_bytes	201456.000000
retention	one_slow_n30	push_c2_healthy	lag_t25_bytes	294008.000000
retention	one_slow_n30	push_c2_healthy	lag_t30_bytes	374440.000000
retention	one_slow_n30	push_c2_healthy	lag_t35_bytes	451416.000000
retention	one_slow_n30	push_c2_healthy	lag_t40_bytes	531016.000000
retention	one_slow_n30	push_c2_healthy	lag_t45_bytes	612304.000000
retention	one_slow_n30	push_c2_healthy	lag_t50_bytes	686136.000000
retention	one_slow_n30	push_c2_healthy	lag_t55_bytes	762248.000000
retention	one_slow_n30	push_c2_healthy	lag_t60_bytes	818712.000000
retention	one_slow_n30	push_c2_healthy	lag_t65_bytes	886768.000000
retention	one_slow_n30	push_c2_healthy	lag_t70_bytes	939256.000000
retention	one_slow_n30	push_c2_healthy	lag_t75_bytes	990696.000000
retention	one_slow_n30	push_c2_healthy	lag_t80_bytes	1042200.000000
retention	one_slow_n30	push_c2_healthy	lag_t85_bytes	1090600.000000
retention	one_slow_n30	push_c2_healthy	lag_t90_bytes	1146440.000000
retention	one_slow_n30	push_c2_healthy	lag_end_bytes	1146440.000000
retention	one_slow_n30	push_c2_healthy	lag_max_bytes	1146440.000000
retention	one_slow_n30	push_c3_healthy	lag_t0_bytes	1456.000000
retention	one_slow_n30	push_c3_healthy	lag_t5_bytes	52544.000000
retention	one_slow_n30	push_c3_healthy	lag_t10_bytes	105240.000000
retention	one_slow_n30	push_c3_healthy	lag_t15_bytes	156784.000000
retention	one_slow_n30	push_c3_healthy	lag_t20_bytes	201400.000000
retention	one_slow_n30	push_c3_healthy	lag_t25_bytes	293952.000000
retention	one_slow_n30	push_c3_healthy	lag_t30_bytes	374384.000000
retention	one_slow_n30	push_c3_healthy	lag_t35_bytes	451360.000000
retention	one_slow_n30	push_c3_healthy	lag_t40_bytes	530960.000000
retention	one_slow_n30	push_c3_healthy	lag_t45_bytes	612248.000000
retention	one_slow_n30	push_c3_healthy	lag_t50_bytes	686080.000000
retention	one_slow_n30	push_c3_healthy	lag_t55_bytes	762192.000000
retention	one_slow_n30	push_c3_healthy	lag_t60_bytes	818656.000000
retention	one_slow_n30	push_c3_healthy	lag_t65_bytes	886712.000000
retention	one_slow_n30	push_c3_healthy	lag_t70_bytes	939200.000000
retention	one_slow_n30	push_c3_healthy	lag_t75_bytes	990640.000000
retention	one_slow_n30	push_c3_healthy	lag_t80_bytes	1042144.000000
retention	one_slow_n30	push_c3_healthy	lag_t85_bytes	1090544.000000
retention	one_slow_n30	push_c3_healthy	lag_t90_bytes	1146384.000000
retention	one_slow_n30	push_c3_healthy	lag_end_bytes	1146384.000000
retention	one_slow_n30	push_c3_healthy	lag_max_bytes	1146384.000000
retention	one_slow_n30	push_c4_healthy	lag_t0_bytes	1400.000000
retention	one_slow_n30	push_c4_healthy	lag_t5_bytes	52488.000000
retention	one_slow_n30	push_c4_healthy	lag_t10_bytes	105184.000000
retention	one_slow_n30	push_c4_healthy	lag_t15_bytes	156728.000000
retention	one_slow_n30	push_c4_healthy	lag_t20_bytes	201344.000000
retention	one_slow_n30	push_c4_healthy	lag_t25_bytes	293896.000000
retention	one_slow_n30	push_c4_healthy	lag_t30_bytes	374328.000000
retention	one_slow_n30	push_c4_healthy	lag_t35_bytes	451304.000000
retention	one_slow_n30	push_c4_healthy	lag_t40_bytes	530904.000000
retention	one_slow_n30	push_c4_healthy	lag_t45_bytes	612192.000000
retention	one_slow_n30	push_c4_healthy	lag_t50_bytes	686024.000000
retention	one_slow_n30	push_c4_healthy	lag_t55_bytes	762136.000000
retention	one_slow_n30	push_c4_healthy	lag_t60_bytes	818600.000000
retention	one_slow_n30	push_c4_healthy	lag_t65_bytes	886656.000000
retention	one_slow_n30	push_c4_healthy	lag_t70_bytes	939144.000000
retention	one_slow_n30	push_c4_healthy	lag_t75_bytes	990584.000000
retention	one_slow_n30	push_c4_healthy	lag_t80_bytes	1042088.000000
retention	one_slow_n30	push_c4_healthy	lag_t85_bytes	1090488.000000
retention	one_slow_n30	push_c4_healthy	lag_t90_bytes	1146328.000000
retention	one_slow_n30	push_c4_healthy	lag_end_bytes	1146328.000000
retention	one_slow_n30	push_c4_healthy	lag_max_bytes	1146328.000000
retention	one_slow_n30	push_c5_healthy	lag_t0_bytes	1344.000000
retention	one_slow_n30	push_c5_healthy	lag_t5_bytes	52432.000000
retention	one_slow_n30	push_c5_healthy	lag_t10_bytes	105128.000000
retention	one_slow_n30	push_c5_healthy	lag_t15_bytes	156672.000000
retention	one_slow_n30	push_c5_healthy	lag_t20_bytes	201288.000000
retention	one_slow_n30	push_c5_healthy	lag_t25_bytes	293840.000000
retention	one_slow_n30	push_c5_healthy	lag_t30_bytes	374272.000000
retention	one_slow_n30	push_c5_healthy	lag_t35_bytes	451248.000000
retention	one_slow_n30	push_c5_healthy	lag_t40_bytes	530848.000000
retention	one_slow_n30	push_c5_healthy	lag_t45_bytes	612136.000000
retention	one_slow_n30	push_c5_healthy	lag_t50_bytes	685968.000000
retention	one_slow_n30	push_c5_healthy	lag_t55_bytes	762080.000000
retention	one_slow_n30	push_c5_healthy	lag_t60_bytes	818544.000000
retention	one_slow_n30	push_c5_healthy	lag_t65_bytes	886600.000000
retention	one_slow_n30	push_c5_healthy	lag_t70_bytes	939088.000000
retention	one_slow_n30	push_c5_healthy	lag_t75_bytes	990528.000000
retention	one_slow_n30	push_c5_healthy	lag_t80_bytes	1042032.000000
retention	one_slow_n30	push_c5_healthy	lag_t85_bytes	1090432.000000
retention	one_slow_n30	push_c5_healthy	lag_t90_bytes	1146272.000000
retention	one_slow_n30	push_c5_healthy	lag_end_bytes	1146272.000000
retention	one_slow_n30	push_c5_healthy	lag_max_bytes	1146272.000000
retention	one_slow_n30	push_c6_healthy	lag_t0_bytes	1288.000000
retention	one_slow_n30	push_c6_healthy	lag_t5_bytes	52376.000000
retention	one_slow_n30	push_c6_healthy	lag_t10_bytes	105072.000000
retention	one_slow_n30	push_c6_healthy	lag_t15_bytes	156616.000000
retention	one_slow_n30	push_c6_healthy	lag_t20_bytes	201232.000000
retention	one_slow_n30	push_c6_healthy	lag_t25_bytes	293784.000000
retention	one_slow_n30	push_c6_healthy	lag_t30_bytes	374216.000000
retention	one_slow_n30	push_c6_healthy	lag_t35_bytes	451192.000000
retention	one_slow_n30	push_c6_healthy	lag_t40_bytes	530792.000000
retention	one_slow_n30	push_c6_healthy	lag_t45_bytes	612080.000000
retention	one_slow_n30	push_c6_healthy	lag_t50_bytes	685912.000000
retention	one_slow_n30	push_c6_healthy	lag_t55_bytes	762024.000000
retention	one_slow_n30	push_c6_healthy	lag_t60_bytes	818488.000000
retention	one_slow_n30	push_c6_healthy	lag_t65_bytes	886544.000000
retention	one_slow_n30	push_c6_healthy	lag_t70_bytes	939032.000000
retention	one_slow_n30	push_c6_healthy	lag_t75_bytes	990472.000000
retention	one_slow_n30	push_c6_healthy	lag_t80_bytes	1041976.000000
retention	one_slow_n30	push_c6_healthy	lag_t85_bytes	1090376.000000
retention	one_slow_n30	push_c6_healthy	lag_t90_bytes	1146216.000000
retention	one_slow_n30	push_c6_healthy	lag_end_bytes	1146216.000000
retention	one_slow_n30	push_c6_healthy	lag_max_bytes	1146216.000000
retention	one_slow_n30	push_c7_healthy	lag_t0_bytes	1232.000000
retention	one_slow_n30	push_c7_healthy	lag_t5_bytes	52320.000000
retention	one_slow_n30	push_c7_healthy	lag_t10_bytes	105016.000000
retention	one_slow_n30	push_c7_healthy	lag_t15_bytes	156560.000000
retention	one_slow_n30	push_c7_healthy	lag_t20_bytes	201176.000000
retention	one_slow_n30	push_c7_healthy	lag_t25_bytes	293728.000000
retention	one_slow_n30	push_c7_healthy	lag_t30_bytes	374160.000000
retention	one_slow_n30	push_c7_healthy	lag_t35_bytes	451136.000000
retention	one_slow_n30	push_c7_healthy	lag_t40_bytes	530736.000000
retention	one_slow_n30	push_c7_healthy	lag_t45_bytes	612024.000000
retention	one_slow_n30	push_c7_healthy	lag_t50_bytes	685856.000000
retention	one_slow_n30	push_c7_healthy	lag_t55_bytes	761968.000000
retention	one_slow_n30	push_c7_healthy	lag_t60_bytes	818432.000000
retention	one_slow_n30	push_c7_healthy	lag_t65_bytes	886488.000000
retention	one_slow_n30	push_c7_healthy	lag_t70_bytes	938976.000000
retention	one_slow_n30	push_c7_healthy	lag_t75_bytes	990416.000000
retention	one_slow_n30	push_c7_healthy	lag_t80_bytes	1041920.000000
retention	one_slow_n30	push_c7_healthy	lag_t85_bytes	1090320.000000
retention	one_slow_n30	push_c7_healthy	lag_t90_bytes	1146160.000000
retention	one_slow_n30	push_c7_healthy	lag_end_bytes	1146160.000000
retention	one_slow_n30	push_c7_healthy	lag_max_bytes	1146160.000000
retention	one_slow_n30	push_c8_healthy	lag_t0_bytes	1176.000000
retention	one_slow_n30	push_c8_healthy	lag_t5_bytes	52264.000000
retention	one_slow_n30	push_c8_healthy	lag_t10_bytes	104960.000000
retention	one_slow_n30	push_c8_healthy	lag_t15_bytes	156504.000000
retention	one_slow_n30	push_c8_healthy	lag_t20_bytes	201120.000000
retention	one_slow_n30	push_c8_healthy	lag_t25_bytes	293672.000000
retention	one_slow_n30	push_c8_healthy	lag_t30_bytes	374104.000000
retention	one_slow_n30	push_c8_healthy	lag_t35_bytes	451080.000000
retention	one_slow_n30	push_c8_healthy	lag_t40_bytes	530680.000000
retention	one_slow_n30	push_c8_healthy	lag_t45_bytes	611968.000000
retention	one_slow_n30	push_c8_healthy	lag_t50_bytes	685800.000000
retention	one_slow_n30	push_c8_healthy	lag_t55_bytes	761912.000000
retention	one_slow_n30	push_c8_healthy	lag_t60_bytes	818376.000000
retention	one_slow_n30	push_c8_healthy	lag_t65_bytes	886432.000000
retention	one_slow_n30	push_c8_healthy	lag_t70_bytes	938920.000000
retention	one_slow_n30	push_c8_healthy	lag_t75_bytes	990360.000000
retention	one_slow_n30	push_c8_healthy	lag_t80_bytes	1041864.000000
retention	one_slow_n30	push_c8_healthy	lag_t85_bytes	1090264.000000
retention	one_slow_n30	push_c8_healthy	lag_t90_bytes	1146104.000000
retention	one_slow_n30	push_c8_healthy	lag_end_bytes	1146104.000000
retention	one_slow_n30	push_c8_healthy	lag_max_bytes	1146104.000000
retention	one_slow_n30	push_c9_healthy	lag_t0_bytes	1120.000000
retention	one_slow_n30	push_c9_healthy	lag_t5_bytes	52208.000000
retention	one_slow_n30	push_c9_healthy	lag_t10_bytes	104904.000000
retention	one_slow_n30	push_c9_healthy	lag_t15_bytes	156448.000000
retention	one_slow_n30	push_c9_healthy	lag_t20_bytes	201064.000000
retention	one_slow_n30	push_c9_healthy	lag_t25_bytes	293616.000000
retention	one_slow_n30	push_c9_healthy	lag_t30_bytes	374048.000000
retention	one_slow_n30	push_c9_healthy	lag_t35_bytes	451024.000000
retention	one_slow_n30	push_c9_healthy	lag_t40_bytes	530624.000000
retention	one_slow_n30	push_c9_healthy	lag_t45_bytes	611912.000000
retention	one_slow_n30	push_c9_healthy	lag_t50_bytes	685744.000000
retention	one_slow_n30	push_c9_healthy	lag_t55_bytes	761856.000000
retention	one_slow_n30	push_c9_healthy	lag_t60_bytes	818320.000000
retention	one_slow_n30	push_c9_healthy	lag_t65_bytes	886376.000000
retention	one_slow_n30	push_c9_healthy	lag_t70_bytes	938864.000000
retention	one_slow_n30	push_c9_healthy	lag_t75_bytes	990304.000000
retention	one_slow_n30	push_c9_healthy	lag_t80_bytes	1041808.000000
retention	one_slow_n30	push_c9_healthy	lag_t85_bytes	1090208.000000
retention	one_slow_n30	push_c9_healthy	lag_t90_bytes	1146048.000000
retention	one_slow_n30	push_c9_healthy	lag_end_bytes	1146048.000000
retention	one_slow_n30	push_c9_healthy	lag_max_bytes	1146048.000000
retention	one_slow_n30	push_c10_healthy	lag_t0_bytes	1064.000000
retention	one_slow_n30	push_c10_healthy	lag_t5_bytes	52152.000000
retention	one_slow_n30	push_c10_healthy	lag_t10_bytes	104848.000000
retention	one_slow_n30	push_c10_healthy	lag_t15_bytes	156392.000000
retention	one_slow_n30	push_c10_healthy	lag_t20_bytes	201008.000000
retention	one_slow_n30	push_c10_healthy	lag_t25_bytes	293560.000000
retention	one_slow_n30	push_c10_healthy	lag_t30_bytes	373992.000000
retention	one_slow_n30	push_c10_healthy	lag_t35_bytes	450968.000000
retention	one_slow_n30	push_c10_healthy	lag_t40_bytes	530568.000000
retention	one_slow_n30	push_c10_healthy	lag_t45_bytes	611856.000000
retention	one_slow_n30	push_c10_healthy	lag_t50_bytes	685688.000000
retention	one_slow_n30	push_c10_healthy	lag_t55_bytes	761800.000000
retention	one_slow_n30	push_c10_healthy	lag_t60_bytes	818264.000000
retention	one_slow_n30	push_c10_healthy	lag_t65_bytes	886320.000000
retention	one_slow_n30	push_c10_healthy	lag_t70_bytes	938808.000000
retention	one_slow_n30	push_c10_healthy	lag_t75_bytes	990248.000000
retention	one_slow_n30	push_c10_healthy	lag_t80_bytes	1041752.000000
retention	one_slow_n30	push_c10_healthy	lag_t85_bytes	1090152.000000
retention	one_slow_n30	push_c10_healthy	lag_t90_bytes	1145992.000000
retention	one_slow_n30	push_c10_healthy	lag_end_bytes	1145992.000000
retention	one_slow_n30	push_c10_healthy	lag_max_bytes	1145992.000000
retention	one_slow_n30	push_c11_healthy	lag_t0_bytes	1008.000000
retention	one_slow_n30	push_c11_healthy	lag_t5_bytes	52096.000000
retention	one_slow_n30	push_c11_healthy	lag_t10_bytes	104792.000000
retention	one_slow_n30	push_c11_healthy	lag_t15_bytes	156336.000000
retention	one_slow_n30	push_c11_healthy	lag_t20_bytes	200952.000000
retention	one_slow_n30	push_c11_healthy	lag_t25_bytes	293504.000000
retention	one_slow_n30	push_c11_healthy	lag_t30_bytes	373936.000000
retention	one_slow_n30	push_c11_healthy	lag_t35_bytes	450912.000000
retention	one_slow_n30	push_c11_healthy	lag_t40_bytes	530512.000000
retention	one_slow_n30	push_c11_healthy	lag_t45_bytes	611800.000000
retention	one_slow_n30	push_c11_healthy	lag_t50_bytes	685632.000000
retention	one_slow_n30	push_c11_healthy	lag_t55_bytes	761744.000000
retention	one_slow_n30	push_c11_healthy	lag_t60_bytes	818208.000000
retention	one_slow_n30	push_c11_healthy	lag_t65_bytes	886264.000000
retention	one_slow_n30	push_c11_healthy	lag_t70_bytes	938752.000000
retention	one_slow_n30	push_c11_healthy	lag_t75_bytes	990192.000000
retention	one_slow_n30	push_c11_healthy	lag_t80_bytes	1041696.000000
retention	one_slow_n30	push_c11_healthy	lag_t85_bytes	1090096.000000
retention	one_slow_n30	push_c11_healthy	lag_t90_bytes	1145936.000000
retention	one_slow_n30	push_c11_healthy	lag_end_bytes	1145936.000000
retention	one_slow_n30	push_c11_healthy	lag_max_bytes	1145936.000000
retention	one_slow_n30	push_c12_healthy	lag_t0_bytes	952.000000
retention	one_slow_n30	push_c12_healthy	lag_t5_bytes	52040.000000
retention	one_slow_n30	push_c12_healthy	lag_t10_bytes	104736.000000
retention	one_slow_n30	push_c12_healthy	lag_t15_bytes	156280.000000
retention	one_slow_n30	push_c12_healthy	lag_t20_bytes	200896.000000
retention	one_slow_n30	push_c12_healthy	lag_t25_bytes	293448.000000
retention	one_slow_n30	push_c12_healthy	lag_t30_bytes	373880.000000
retention	one_slow_n30	push_c12_healthy	lag_t35_bytes	450856.000000
retention	one_slow_n30	push_c12_healthy	lag_t40_bytes	530456.000000
retention	one_slow_n30	push_c12_healthy	lag_t45_bytes	611744.000000
retention	one_slow_n30	push_c12_healthy	lag_t50_bytes	685576.000000
retention	one_slow_n30	push_c12_healthy	lag_t55_bytes	761688.000000
retention	one_slow_n30	push_c12_healthy	lag_t60_bytes	818152.000000
retention	one_slow_n30	push_c12_healthy	lag_t65_bytes	886208.000000
retention	one_slow_n30	push_c12_healthy	lag_t70_bytes	938696.000000
retention	one_slow_n30	push_c12_healthy	lag_t75_bytes	990136.000000
retention	one_slow_n30	push_c12_healthy	lag_t80_bytes	1041640.000000
retention	one_slow_n30	push_c12_healthy	lag_t85_bytes	1090040.000000
retention	one_slow_n30	push_c12_healthy	lag_t90_bytes	1145880.000000
retention	one_slow_n30	push_c12_healthy	lag_end_bytes	1145880.000000
retention	one_slow_n30	push_c12_healthy	lag_max_bytes	1145880.000000
retention	one_slow_n30	push_c13_healthy	lag_t0_bytes	896.000000
retention	one_slow_n30	push_c13_healthy	lag_t5_bytes	51984.000000
retention	one_slow_n30	push_c13_healthy	lag_t10_bytes	104680.000000
retention	one_slow_n30	push_c13_healthy	lag_t15_bytes	156224.000000
retention	one_slow_n30	push_c13_healthy	lag_t20_bytes	200840.000000
retention	one_slow_n30	push_c13_healthy	lag_t25_bytes	293392.000000
retention	one_slow_n30	push_c13_healthy	lag_t30_bytes	373824.000000
retention	one_slow_n30	push_c13_healthy	lag_t35_bytes	450800.000000
retention	one_slow_n30	push_c13_healthy	lag_t40_bytes	530400.000000
retention	one_slow_n30	push_c13_healthy	lag_t45_bytes	611688.000000
retention	one_slow_n30	push_c13_healthy	lag_t50_bytes	685520.000000
retention	one_slow_n30	push_c13_healthy	lag_t55_bytes	761632.000000
retention	one_slow_n30	push_c13_healthy	lag_t60_bytes	818096.000000
retention	one_slow_n30	push_c13_healthy	lag_t65_bytes	886152.000000
retention	one_slow_n30	push_c13_healthy	lag_t70_bytes	938640.000000
retention	one_slow_n30	push_c13_healthy	lag_t75_bytes	990080.000000
retention	one_slow_n30	push_c13_healthy	lag_t80_bytes	1041584.000000
retention	one_slow_n30	push_c13_healthy	lag_t85_bytes	1089984.000000
retention	one_slow_n30	push_c13_healthy	lag_t90_bytes	1145824.000000
retention	one_slow_n30	push_c13_healthy	lag_end_bytes	1145824.000000
retention	one_slow_n30	push_c13_healthy	lag_max_bytes	1145824.000000
retention	one_slow_n30	push_c14_healthy	lag_t0_bytes	840.000000
retention	one_slow_n30	push_c14_healthy	lag_t5_bytes	51928.000000
retention	one_slow_n30	push_c14_healthy	lag_t10_bytes	104624.000000
retention	one_slow_n30	push_c14_healthy	lag_t15_bytes	156168.000000
retention	one_slow_n30	push_c14_healthy	lag_t20_bytes	200784.000000
retention	one_slow_n30	push_c14_healthy	lag_t25_bytes	293336.000000
retention	one_slow_n30	push_c14_healthy	lag_t30_bytes	373768.000000
retention	one_slow_n30	push_c14_healthy	lag_t35_bytes	450744.000000
retention	one_slow_n30	push_c14_healthy	lag_t40_bytes	530344.000000
retention	one_slow_n30	push_c14_healthy	lag_t45_bytes	611632.000000
retention	one_slow_n30	push_c14_healthy	lag_t50_bytes	685464.000000
retention	one_slow_n30	push_c14_healthy	lag_t55_bytes	761576.000000
retention	one_slow_n30	push_c14_healthy	lag_t60_bytes	818040.000000
retention	one_slow_n30	push_c14_healthy	lag_t65_bytes	886096.000000
retention	one_slow_n30	push_c14_healthy	lag_t70_bytes	938584.000000
retention	one_slow_n30	push_c14_healthy	lag_t75_bytes	990024.000000
retention	one_slow_n30	push_c14_healthy	lag_t80_bytes	1041528.000000
retention	one_slow_n30	push_c14_healthy	lag_t85_bytes	1089928.000000
retention	one_slow_n30	push_c14_healthy	lag_t90_bytes	1145768.000000
retention	one_slow_n30	push_c14_healthy	lag_end_bytes	1145768.000000
retention	one_slow_n30	push_c14_healthy	lag_max_bytes	1145768.000000
retention	one_slow_n30	push_c15_healthy	lag_t0_bytes	784.000000
retention	one_slow_n30	push_c15_healthy	lag_t5_bytes	51872.000000
retention	one_slow_n30	push_c15_healthy	lag_t10_bytes	104568.000000
retention	one_slow_n30	push_c15_healthy	lag_t15_bytes	156112.000000
retention	one_slow_n30	push_c15_healthy	lag_t20_bytes	200728.000000
retention	one_slow_n30	push_c15_healthy	lag_t25_bytes	293280.000000
retention	one_slow_n30	push_c15_healthy	lag_t30_bytes	373712.000000
retention	one_slow_n30	push_c15_healthy	lag_t35_bytes	450688.000000
retention	one_slow_n30	push_c15_healthy	lag_t40_bytes	530288.000000
retention	one_slow_n30	push_c15_healthy	lag_t45_bytes	611576.000000
retention	one_slow_n30	push_c15_healthy	lag_t50_bytes	685408.000000
retention	one_slow_n30	push_c15_healthy	lag_t55_bytes	761520.000000
retention	one_slow_n30	push_c15_healthy	lag_t60_bytes	817984.000000
retention	one_slow_n30	push_c15_healthy	lag_t65_bytes	886040.000000
retention	one_slow_n30	push_c15_healthy	lag_t70_bytes	938528.000000
retention	one_slow_n30	push_c15_healthy	lag_t75_bytes	989968.000000
retention	one_slow_n30	push_c15_healthy	lag_t80_bytes	1041472.000000
retention	one_slow_n30	push_c15_healthy	lag_t85_bytes	1089872.000000
retention	one_slow_n30	push_c15_healthy	lag_t90_bytes	1145712.000000
retention	one_slow_n30	push_c15_healthy	lag_end_bytes	1145712.000000
retention	one_slow_n30	push_c15_healthy	lag_max_bytes	1145712.000000
retention	one_slow_n30	push_c16_healthy	lag_t0_bytes	728.000000
retention	one_slow_n30	push_c16_healthy	lag_t5_bytes	51816.000000
retention	one_slow_n30	push_c16_healthy	lag_t10_bytes	104512.000000
retention	one_slow_n30	push_c16_healthy	lag_t15_bytes	156056.000000
retention	one_slow_n30	push_c16_healthy	lag_t20_bytes	200672.000000
retention	one_slow_n30	push_c16_healthy	lag_t25_bytes	293224.000000
retention	one_slow_n30	push_c16_healthy	lag_t30_bytes	373656.000000
retention	one_slow_n30	push_c16_healthy	lag_t35_bytes	450632.000000
retention	one_slow_n30	push_c16_healthy	lag_t40_bytes	530232.000000
retention	one_slow_n30	push_c16_healthy	lag_t45_bytes	611520.000000
retention	one_slow_n30	push_c16_healthy	lag_t50_bytes	685352.000000
retention	one_slow_n30	push_c16_healthy	lag_t55_bytes	761464.000000
retention	one_slow_n30	push_c16_healthy	lag_t60_bytes	817928.000000
retention	one_slow_n30	push_c16_healthy	lag_t65_bytes	885984.000000
retention	one_slow_n30	push_c16_healthy	lag_t70_bytes	938472.000000
retention	one_slow_n30	push_c16_healthy	lag_t75_bytes	989912.000000
retention	one_slow_n30	push_c16_healthy	lag_t80_bytes	1041416.000000
retention	one_slow_n30	push_c16_healthy	lag_t85_bytes	1089816.000000
retention	one_slow_n30	push_c16_healthy	lag_t90_bytes	1145656.000000
retention	one_slow_n30	push_c16_healthy	lag_end_bytes	1145656.000000
retention	one_slow_n30	push_c16_healthy	lag_max_bytes	1145656.000000
retention	one_slow_n30	push_c17_healthy	lag_t0_bytes	672.000000
retention	one_slow_n30	push_c17_healthy	lag_t5_bytes	51760.000000
retention	one_slow_n30	push_c17_healthy	lag_t10_bytes	104456.000000
retention	one_slow_n30	push_c17_healthy	lag_t15_bytes	156000.000000
retention	one_slow_n30	push_c17_healthy	lag_t20_bytes	200616.000000
retention	one_slow_n30	push_c17_healthy	lag_t25_bytes	293168.000000
retention	one_slow_n30	push_c17_healthy	lag_t30_bytes	373600.000000
retention	one_slow_n30	push_c17_healthy	lag_t35_bytes	450576.000000
retention	one_slow_n30	push_c17_healthy	lag_t40_bytes	530176.000000
retention	one_slow_n30	push_c17_healthy	lag_t45_bytes	611464.000000
retention	one_slow_n30	push_c17_healthy	lag_t50_bytes	685296.000000
retention	one_slow_n30	push_c17_healthy	lag_t55_bytes	761408.000000
retention	one_slow_n30	push_c17_healthy	lag_t60_bytes	817872.000000
retention	one_slow_n30	push_c17_healthy	lag_t65_bytes	885928.000000
retention	one_slow_n30	push_c17_healthy	lag_t70_bytes	938416.000000
retention	one_slow_n30	push_c17_healthy	lag_t75_bytes	989856.000000
retention	one_slow_n30	push_c17_healthy	lag_t80_bytes	1041360.000000
retention	one_slow_n30	push_c17_healthy	lag_t85_bytes	1089760.000000
retention	one_slow_n30	push_c17_healthy	lag_t90_bytes	1145600.000000
retention	one_slow_n30	push_c17_healthy	lag_end_bytes	1145600.000000
retention	one_slow_n30	push_c17_healthy	lag_max_bytes	1145600.000000
retention	one_slow_n30	push_c18_healthy	lag_t0_bytes	616.000000
retention	one_slow_n30	push_c18_healthy	lag_t5_bytes	51704.000000
retention	one_slow_n30	push_c18_healthy	lag_t10_bytes	104400.000000
retention	one_slow_n30	push_c18_healthy	lag_t15_bytes	155944.000000
retention	one_slow_n30	push_c18_healthy	lag_t20_bytes	200560.000000
retention	one_slow_n30	push_c18_healthy	lag_t25_bytes	293112.000000
retention	one_slow_n30	push_c18_healthy	lag_t30_bytes	373544.000000
retention	one_slow_n30	push_c18_healthy	lag_t35_bytes	450520.000000
retention	one_slow_n30	push_c18_healthy	lag_t40_bytes	530120.000000
retention	one_slow_n30	push_c18_healthy	lag_t45_bytes	611408.000000
retention	one_slow_n30	push_c18_healthy	lag_t50_bytes	685240.000000
retention	one_slow_n30	push_c18_healthy	lag_t55_bytes	761352.000000
retention	one_slow_n30	push_c18_healthy	lag_t60_bytes	817816.000000
retention	one_slow_n30	push_c18_healthy	lag_t65_bytes	885872.000000
retention	one_slow_n30	push_c18_healthy	lag_t70_bytes	938360.000000
retention	one_slow_n30	push_c18_healthy	lag_t75_bytes	989800.000000
retention	one_slow_n30	push_c18_healthy	lag_t80_bytes	1041304.000000
retention	one_slow_n30	push_c18_healthy	lag_t85_bytes	1089704.000000
retention	one_slow_n30	push_c18_healthy	lag_t90_bytes	1145544.000000
retention	one_slow_n30	push_c18_healthy	lag_end_bytes	1145544.000000
retention	one_slow_n30	push_c18_healthy	lag_max_bytes	1145544.000000
retention	one_slow_n30	push_c19_healthy	lag_t0_bytes	560.000000
retention	one_slow_n30	push_c19_healthy	lag_t5_bytes	51648.000000
retention	one_slow_n30	push_c19_healthy	lag_t10_bytes	104344.000000
retention	one_slow_n30	push_c19_healthy	lag_t15_bytes	155888.000000
retention	one_slow_n30	push_c19_healthy	lag_t20_bytes	200504.000000
retention	one_slow_n30	push_c19_healthy	lag_t25_bytes	293056.000000
retention	one_slow_n30	push_c19_healthy	lag_t30_bytes	373488.000000
retention	one_slow_n30	push_c19_healthy	lag_t35_bytes	450464.000000
retention	one_slow_n30	push_c19_healthy	lag_t40_bytes	530064.000000
retention	one_slow_n30	push_c19_healthy	lag_t45_bytes	611352.000000
retention	one_slow_n30	push_c19_healthy	lag_t50_bytes	685184.000000
retention	one_slow_n30	push_c19_healthy	lag_t55_bytes	761296.000000
retention	one_slow_n30	push_c19_healthy	lag_t60_bytes	817760.000000
retention	one_slow_n30	push_c19_healthy	lag_t65_bytes	885816.000000
retention	one_slow_n30	push_c19_healthy	lag_t70_bytes	938304.000000
retention	one_slow_n30	push_c19_healthy	lag_t75_bytes	989744.000000
retention	one_slow_n30	push_c19_healthy	lag_t80_bytes	1041248.000000
retention	one_slow_n30	push_c19_healthy	lag_t85_bytes	1089648.000000
retention	one_slow_n30	push_c19_healthy	lag_t90_bytes	1145488.000000
retention	one_slow_n30	push_c19_healthy	lag_end_bytes	1145488.000000
retention	one_slow_n30	push_c19_healthy	lag_max_bytes	1145488.000000
retention	one_slow_n30	push_c20_healthy	lag_t0_bytes	504.000000
retention	one_slow_n30	push_c20_healthy	lag_t5_bytes	51592.000000
retention	one_slow_n30	push_c20_healthy	lag_t10_bytes	104288.000000
retention	one_slow_n30	push_c20_healthy	lag_t15_bytes	155832.000000
retention	one_slow_n30	push_c20_healthy	lag_t20_bytes	200448.000000
retention	one_slow_n30	push_c20_healthy	lag_t25_bytes	293000.000000
retention	one_slow_n30	push_c20_healthy	lag_t30_bytes	373432.000000
retention	one_slow_n30	push_c20_healthy	lag_t35_bytes	450408.000000
retention	one_slow_n30	push_c20_healthy	lag_t40_bytes	530008.000000
retention	one_slow_n30	push_c20_healthy	lag_t45_bytes	611296.000000
retention	one_slow_n30	push_c20_healthy	lag_t50_bytes	685128.000000
retention	one_slow_n30	push_c20_healthy	lag_t55_bytes	761240.000000
retention	one_slow_n30	push_c20_healthy	lag_t60_bytes	817704.000000
retention	one_slow_n30	push_c20_healthy	lag_t65_bytes	885760.000000
retention	one_slow_n30	push_c20_healthy	lag_t70_bytes	938248.000000
retention	one_slow_n30	push_c20_healthy	lag_t75_bytes	989688.000000
retention	one_slow_n30	push_c20_healthy	lag_t80_bytes	1041192.000000
retention	one_slow_n30	push_c20_healthy	lag_t85_bytes	1089592.000000
retention	one_slow_n30	push_c20_healthy	lag_t90_bytes	1145432.000000
retention	one_slow_n30	push_c20_healthy	lag_end_bytes	1145432.000000
retention	one_slow_n30	push_c20_healthy	lag_max_bytes	1145432.000000
retention	one_slow_n30	push_c21_healthy	lag_t0_bytes	448.000000
retention	one_slow_n30	push_c21_healthy	lag_t5_bytes	51536.000000
retention	one_slow_n30	push_c21_healthy	lag_t10_bytes	104232.000000
retention	one_slow_n30	push_c21_healthy	lag_t15_bytes	155776.000000
retention	one_slow_n30	push_c21_healthy	lag_t20_bytes	200392.000000
retention	one_slow_n30	push_c21_healthy	lag_t25_bytes	292944.000000
retention	one_slow_n30	push_c21_healthy	lag_t30_bytes	373376.000000
retention	one_slow_n30	push_c21_healthy	lag_t35_bytes	450352.000000
retention	one_slow_n30	push_c21_healthy	lag_t40_bytes	529952.000000
retention	one_slow_n30	push_c21_healthy	lag_t45_bytes	611240.000000
retention	one_slow_n30	push_c21_healthy	lag_t50_bytes	685072.000000
retention	one_slow_n30	push_c21_healthy	lag_t55_bytes	761184.000000
retention	one_slow_n30	push_c21_healthy	lag_t60_bytes	817648.000000
retention	one_slow_n30	push_c21_healthy	lag_t65_bytes	885704.000000
retention	one_slow_n30	push_c21_healthy	lag_t70_bytes	938192.000000
retention	one_slow_n30	push_c21_healthy	lag_t75_bytes	989632.000000
retention	one_slow_n30	push_c21_healthy	lag_t80_bytes	1041136.000000
retention	one_slow_n30	push_c21_healthy	lag_t85_bytes	1089536.000000
retention	one_slow_n30	push_c21_healthy	lag_t90_bytes	1145376.000000
retention	one_slow_n30	push_c21_healthy	lag_end_bytes	1145376.000000
retention	one_slow_n30	push_c21_healthy	lag_max_bytes	1145376.000000
retention	one_slow_n30	push_c22_healthy	lag_t0_bytes	392.000000
retention	one_slow_n30	push_c22_healthy	lag_t5_bytes	51480.000000
retention	one_slow_n30	push_c22_healthy	lag_t10_bytes	104176.000000
retention	one_slow_n30	push_c22_healthy	lag_t15_bytes	155720.000000
retention	one_slow_n30	push_c22_healthy	lag_t20_bytes	200336.000000
retention	one_slow_n30	push_c22_healthy	lag_t25_bytes	292888.000000
retention	one_slow_n30	push_c22_healthy	lag_t30_bytes	373320.000000
retention	one_slow_n30	push_c22_healthy	lag_t35_bytes	450296.000000
retention	one_slow_n30	push_c22_healthy	lag_t40_bytes	529896.000000
retention	one_slow_n30	push_c22_healthy	lag_t45_bytes	611184.000000
retention	one_slow_n30	push_c22_healthy	lag_t50_bytes	685016.000000
retention	one_slow_n30	push_c22_healthy	lag_t55_bytes	761128.000000
retention	one_slow_n30	push_c22_healthy	lag_t60_bytes	817592.000000
retention	one_slow_n30	push_c22_healthy	lag_t65_bytes	885648.000000
retention	one_slow_n30	push_c22_healthy	lag_t70_bytes	938136.000000
retention	one_slow_n30	push_c22_healthy	lag_t75_bytes	989576.000000
retention	one_slow_n30	push_c22_healthy	lag_t80_bytes	1041080.000000
retention	one_slow_n30	push_c22_healthy	lag_t85_bytes	1089480.000000
retention	one_slow_n30	push_c22_healthy	lag_t90_bytes	1145320.000000
retention	one_slow_n30	push_c22_healthy	lag_end_bytes	1145320.000000
retention	one_slow_n30	push_c22_healthy	lag_max_bytes	1145320.000000
retention	one_slow_n30	push_c23_healthy	lag_t0_bytes	336.000000
retention	one_slow_n30	push_c23_healthy	lag_t5_bytes	51424.000000
retention	one_slow_n30	push_c23_healthy	lag_t10_bytes	104120.000000
retention	one_slow_n30	push_c23_healthy	lag_t15_bytes	155664.000000
retention	one_slow_n30	push_c23_healthy	lag_t20_bytes	200280.000000
retention	one_slow_n30	push_c23_healthy	lag_t25_bytes	292832.000000
retention	one_slow_n30	push_c23_healthy	lag_t30_bytes	373264.000000
retention	one_slow_n30	push_c23_healthy	lag_t35_bytes	450240.000000
retention	one_slow_n30	push_c23_healthy	lag_t40_bytes	529840.000000
retention	one_slow_n30	push_c23_healthy	lag_t45_bytes	611128.000000
retention	one_slow_n30	push_c23_healthy	lag_t50_bytes	684960.000000
retention	one_slow_n30	push_c23_healthy	lag_t55_bytes	761072.000000
retention	one_slow_n30	push_c23_healthy	lag_t60_bytes	817536.000000
retention	one_slow_n30	push_c23_healthy	lag_t65_bytes	885592.000000
retention	one_slow_n30	push_c23_healthy	lag_t70_bytes	938080.000000
retention	one_slow_n30	push_c23_healthy	lag_t75_bytes	989520.000000
retention	one_slow_n30	push_c23_healthy	lag_t80_bytes	1041024.000000
retention	one_slow_n30	push_c23_healthy	lag_t85_bytes	1089424.000000
retention	one_slow_n30	push_c23_healthy	lag_t90_bytes	1145264.000000
retention	one_slow_n30	push_c23_healthy	lag_end_bytes	1145264.000000
retention	one_slow_n30	push_c23_healthy	lag_max_bytes	1145264.000000
retention	one_slow_n30	push_c24_healthy	lag_t0_bytes	280.000000
retention	one_slow_n30	push_c24_healthy	lag_t5_bytes	51368.000000
retention	one_slow_n30	push_c24_healthy	lag_t10_bytes	104064.000000
retention	one_slow_n30	push_c24_healthy	lag_t15_bytes	155608.000000
retention	one_slow_n30	push_c24_healthy	lag_t20_bytes	200224.000000
retention	one_slow_n30	push_c24_healthy	lag_t25_bytes	292776.000000
retention	one_slow_n30	push_c24_healthy	lag_t30_bytes	373208.000000
retention	one_slow_n30	push_c24_healthy	lag_t35_bytes	450184.000000
retention	one_slow_n30	push_c24_healthy	lag_t40_bytes	529784.000000
retention	one_slow_n30	push_c24_healthy	lag_t45_bytes	611072.000000
retention	one_slow_n30	push_c24_healthy	lag_t50_bytes	684904.000000
retention	one_slow_n30	push_c24_healthy	lag_t55_bytes	761016.000000
retention	one_slow_n30	push_c24_healthy	lag_t60_bytes	817480.000000
retention	one_slow_n30	push_c24_healthy	lag_t65_bytes	885536.000000
retention	one_slow_n30	push_c24_healthy	lag_t70_bytes	938024.000000
retention	one_slow_n30	push_c24_healthy	lag_t75_bytes	989464.000000
retention	one_slow_n30	push_c24_healthy	lag_t80_bytes	1040968.000000
retention	one_slow_n30	push_c24_healthy	lag_t85_bytes	1089368.000000
retention	one_slow_n30	push_c24_healthy	lag_t90_bytes	1145208.000000
retention	one_slow_n30	push_c24_healthy	lag_end_bytes	1145208.000000
retention	one_slow_n30	push_c24_healthy	lag_max_bytes	1145208.000000
retention	one_slow_n30	push_c25_healthy	lag_t0_bytes	224.000000
retention	one_slow_n30	push_c25_healthy	lag_t5_bytes	51312.000000
retention	one_slow_n30	push_c25_healthy	lag_t10_bytes	104008.000000
retention	one_slow_n30	push_c25_healthy	lag_t15_bytes	155552.000000
retention	one_slow_n30	push_c25_healthy	lag_t20_bytes	200168.000000
retention	one_slow_n30	push_c25_healthy	lag_t25_bytes	292720.000000
retention	one_slow_n30	push_c25_healthy	lag_t30_bytes	373152.000000
retention	one_slow_n30	push_c25_healthy	lag_t35_bytes	450128.000000
retention	one_slow_n30	push_c25_healthy	lag_t40_bytes	529728.000000
retention	one_slow_n30	push_c25_healthy	lag_t45_bytes	611016.000000
retention	one_slow_n30	push_c25_healthy	lag_t50_bytes	684848.000000
retention	one_slow_n30	push_c25_healthy	lag_t55_bytes	760960.000000
retention	one_slow_n30	push_c25_healthy	lag_t60_bytes	817424.000000
retention	one_slow_n30	push_c25_healthy	lag_t65_bytes	885480.000000
retention	one_slow_n30	push_c25_healthy	lag_t70_bytes	937968.000000
retention	one_slow_n30	push_c25_healthy	lag_t75_bytes	989408.000000
retention	one_slow_n30	push_c25_healthy	lag_t80_bytes	1040912.000000
retention	one_slow_n30	push_c25_healthy	lag_t85_bytes	1089312.000000
retention	one_slow_n30	push_c25_healthy	lag_t90_bytes	1145152.000000
retention	one_slow_n30	push_c25_healthy	lag_end_bytes	1145152.000000
retention	one_slow_n30	push_c25_healthy	lag_max_bytes	1145152.000000
retention	one_slow_n30	push_c26_healthy	lag_t0_bytes	168.000000
retention	one_slow_n30	push_c26_healthy	lag_t5_bytes	51256.000000
retention	one_slow_n30	push_c26_healthy	lag_t10_bytes	103952.000000
retention	one_slow_n30	push_c26_healthy	lag_t15_bytes	155496.000000
retention	one_slow_n30	push_c26_healthy	lag_t20_bytes	200112.000000
retention	one_slow_n30	push_c26_healthy	lag_t25_bytes	292664.000000
retention	one_slow_n30	push_c26_healthy	lag_t30_bytes	373096.000000
retention	one_slow_n30	push_c26_healthy	lag_t35_bytes	450072.000000
retention	one_slow_n30	push_c26_healthy	lag_t40_bytes	529672.000000
retention	one_slow_n30	push_c26_healthy	lag_t45_bytes	610960.000000
retention	one_slow_n30	push_c26_healthy	lag_t50_bytes	684792.000000
retention	one_slow_n30	push_c26_healthy	lag_t55_bytes	760904.000000
retention	one_slow_n30	push_c26_healthy	lag_t60_bytes	817368.000000
retention	one_slow_n30	push_c26_healthy	lag_t65_bytes	885424.000000
retention	one_slow_n30	push_c26_healthy	lag_t70_bytes	937912.000000
retention	one_slow_n30	push_c26_healthy	lag_t75_bytes	989352.000000
retention	one_slow_n30	push_c26_healthy	lag_t80_bytes	1040856.000000
retention	one_slow_n30	push_c26_healthy	lag_t85_bytes	1089256.000000
retention	one_slow_n30	push_c26_healthy	lag_t90_bytes	1145096.000000
retention	one_slow_n30	push_c26_healthy	lag_end_bytes	1145096.000000
retention	one_slow_n30	push_c26_healthy	lag_max_bytes	1145096.000000
retention	one_slow_n30	push_c27_healthy	lag_t0_bytes	112.000000
retention	one_slow_n30	push_c27_healthy	lag_t5_bytes	51200.000000
retention	one_slow_n30	push_c27_healthy	lag_t10_bytes	103896.000000
retention	one_slow_n30	push_c27_healthy	lag_t15_bytes	155440.000000
retention	one_slow_n30	push_c27_healthy	lag_t20_bytes	200056.000000
retention	one_slow_n30	push_c27_healthy	lag_t25_bytes	292608.000000
retention	one_slow_n30	push_c27_healthy	lag_t30_bytes	373040.000000
retention	one_slow_n30	push_c27_healthy	lag_t35_bytes	450016.000000
retention	one_slow_n30	push_c27_healthy	lag_t40_bytes	529616.000000
retention	one_slow_n30	push_c27_healthy	lag_t45_bytes	610904.000000
retention	one_slow_n30	push_c27_healthy	lag_t50_bytes	684736.000000
retention	one_slow_n30	push_c27_healthy	lag_t55_bytes	760848.000000
retention	one_slow_n30	push_c27_healthy	lag_t60_bytes	817312.000000
retention	one_slow_n30	push_c27_healthy	lag_t65_bytes	885368.000000
retention	one_slow_n30	push_c27_healthy	lag_t70_bytes	937856.000000
retention	one_slow_n30	push_c27_healthy	lag_t75_bytes	989296.000000
retention	one_slow_n30	push_c27_healthy	lag_t80_bytes	1040800.000000
retention	one_slow_n30	push_c27_healthy	lag_t85_bytes	1089200.000000
retention	one_slow_n30	push_c27_healthy	lag_t90_bytes	1145040.000000
retention	one_slow_n30	push_c27_healthy	lag_end_bytes	1145040.000000
retention	one_slow_n30	push_c27_healthy	lag_max_bytes	1145040.000000
retention	one_slow_n30	push_c28_healthy	lag_t0_bytes	56.000000
retention	one_slow_n30	push_c28_healthy	lag_t5_bytes	51144.000000
retention	one_slow_n30	push_c28_healthy	lag_t10_bytes	103840.000000
retention	one_slow_n30	push_c28_healthy	lag_t15_bytes	155384.000000
retention	one_slow_n30	push_c28_healthy	lag_t20_bytes	200000.000000
retention	one_slow_n30	push_c28_healthy	lag_t25_bytes	292552.000000
retention	one_slow_n30	push_c28_healthy	lag_t30_bytes	372984.000000
retention	one_slow_n30	push_c28_healthy	lag_t35_bytes	449960.000000
retention	one_slow_n30	push_c28_healthy	lag_t40_bytes	529560.000000
retention	one_slow_n30	push_c28_healthy	lag_t45_bytes	610848.000000
retention	one_slow_n30	push_c28_healthy	lag_t50_bytes	684680.000000
retention	one_slow_n30	push_c28_healthy	lag_t55_bytes	760792.000000
retention	one_slow_n30	push_c28_healthy	lag_t60_bytes	817256.000000
retention	one_slow_n30	push_c28_healthy	lag_t65_bytes	885312.000000
retention	one_slow_n30	push_c28_healthy	lag_t70_bytes	937800.000000
retention	one_slow_n30	push_c28_healthy	lag_t75_bytes	989240.000000
retention	one_slow_n30	push_c28_healthy	lag_t80_bytes	1040744.000000
retention	one_slow_n30	push_c28_healthy	lag_t85_bytes	1089144.000000
retention	one_slow_n30	push_c28_healthy	lag_t90_bytes	1144984.000000
retention	one_slow_n30	push_c28_healthy	lag_end_bytes	1144984.000000
retention	one_slow_n30	push_c28_healthy	lag_max_bytes	1144984.000000
retention	one_slow_n30	push_c29_healthy	lag_t0_bytes	0.000000
retention	one_slow_n30	push_c29_healthy	lag_t5_bytes	51088.000000
retention	one_slow_n30	push_c29_healthy	lag_t10_bytes	103784.000000
retention	one_slow_n30	push_c29_healthy	lag_t15_bytes	155328.000000
retention	one_slow_n30	push_c29_healthy	lag_t20_bytes	199944.000000
retention	one_slow_n30	push_c29_healthy	lag_t25_bytes	292496.000000
retention	one_slow_n30	push_c29_healthy	lag_t30_bytes	372928.000000
retention	one_slow_n30	push_c29_healthy	lag_t35_bytes	449904.000000
retention	one_slow_n30	push_c29_healthy	lag_t40_bytes	529504.000000
retention	one_slow_n30	push_c29_healthy	lag_t45_bytes	610792.000000
retention	one_slow_n30	push_c29_healthy	lag_t50_bytes	684624.000000
retention	one_slow_n30	push_c29_healthy	lag_t55_bytes	760736.000000
retention	one_slow_n30	push_c29_healthy	lag_t60_bytes	817200.000000
retention	one_slow_n30	push_c29_healthy	lag_t65_bytes	885256.000000
retention	one_slow_n30	push_c29_healthy	lag_t70_bytes	937744.000000
retention	one_slow_n30	push_c29_healthy	lag_t75_bytes	989184.000000
retention	one_slow_n30	push_c29_healthy	lag_t80_bytes	1040688.000000
retention	one_slow_n30	push_c29_healthy	lag_t85_bytes	1089088.000000
retention	one_slow_n30	push_c29_healthy	lag_t90_bytes	1144928.000000
retention	one_slow_n30	push_c29_healthy	lag_end_bytes	1144928.000000
retention	one_slow_n30	push_c29_healthy	lag_max_bytes	1144928.000000
retention	one_slow_n30	poll@100ms_c0_slow	lag_t0_bytes	0.000000
retention	one_slow_n30	poll@100ms_c0_slow	lag_t5_bytes	0.000000
retention	one_slow_n30	poll@100ms_c0_slow	lag_t10_bytes	208.000000
retention	one_slow_n30	poll@100ms_c0_slow	lag_t15_bytes	232.000000
retention	one_slow_n30	poll@100ms_c0_slow	lag_t20_bytes	208.000000
retention	one_slow_n30	poll@100ms_c0_slow	lag_t25_bytes	208.000000
retention	one_slow_n30	poll@100ms_c0_slow	lag_t30_bytes	0.000000
retention	one_slow_n30	poll@100ms_c0_slow	lag_t35_bytes	208.000000
retention	one_slow_n30	poll@100ms_c0_slow	lag_t40_bytes	208.000000
retention	one_slow_n30	poll@100ms_c0_slow	lag_t45_bytes	208.000000
retention	one_slow_n30	poll@100ms_c0_slow	lag_t50_bytes	208.000000
retention	one_slow_n30	poll@100ms_c0_slow	lag_t55_bytes	624.000000
retention	one_slow_n30	poll@100ms_c0_slow	lag_t60_bytes	832.000000
retention	one_slow_n30	poll@100ms_c0_slow	lag_t65_bytes	416.000000
retention	one_slow_n30	poll@100ms_c0_slow	lag_t70_bytes	208.000000
retention	one_slow_n30	poll@100ms_c0_slow	lag_t75_bytes	416.000000
retention	one_slow_n30	poll@100ms_c0_slow	lag_t80_bytes	416.000000
retention	one_slow_n30	poll@100ms_c0_slow	lag_t85_bytes	416.000000
retention	one_slow_n30	poll@100ms_c0_slow	lag_t90_bytes	0.000000
retention	one_slow_n30	poll@100ms_c0_slow	lag_end_bytes	0.000000
retention	one_slow_n30	poll@100ms_c0_slow	lag_max_bytes	832.000000
retention	one_slow_n30	poll@100ms_c1_healthy	lag_t0_bytes	0.000000
retention	one_slow_n30	poll@100ms_c1_healthy	lag_t5_bytes	416.000000
retention	one_slow_n30	poll@100ms_c1_healthy	lag_t10_bytes	416.000000
retention	one_slow_n30	poll@100ms_c1_healthy	lag_t15_bytes	440.000000
retention	one_slow_n30	poll@100ms_c1_healthy	lag_t20_bytes	648.000000
retention	one_slow_n30	poll@100ms_c1_healthy	lag_t25_bytes	208.000000
retention	one_slow_n30	poll@100ms_c1_healthy	lag_t30_bytes	0.000000
retention	one_slow_n30	poll@100ms_c1_healthy	lag_t35_bytes	208.000000
retention	one_slow_n30	poll@100ms_c1_healthy	lag_t40_bytes	208.000000
retention	one_slow_n30	poll@100ms_c1_healthy	lag_t45_bytes	208.000000
retention	one_slow_n30	poll@100ms_c1_healthy	lag_t50_bytes	208.000000
retention	one_slow_n30	poll@100ms_c1_healthy	lag_t55_bytes	624.000000
retention	one_slow_n30	poll@100ms_c1_healthy	lag_t60_bytes	832.000000
retention	one_slow_n30	poll@100ms_c1_healthy	lag_t65_bytes	416.000000
retention	one_slow_n30	poll@100ms_c1_healthy	lag_t70_bytes	208.000000
retention	one_slow_n30	poll@100ms_c1_healthy	lag_t75_bytes	416.000000
retention	one_slow_n30	poll@100ms_c1_healthy	lag_t80_bytes	416.000000
retention	one_slow_n30	poll@100ms_c1_healthy	lag_t85_bytes	416.000000
retention	one_slow_n30	poll@100ms_c1_healthy	lag_t90_bytes	0.000000
retention	one_slow_n30	poll@100ms_c1_healthy	lag_end_bytes	0.000000
retention	one_slow_n30	poll@100ms_c1_healthy	lag_max_bytes	832.000000
retention	one_slow_n30	poll@100ms_c2_healthy	lag_t0_bytes	0.000000
retention	one_slow_n30	poll@100ms_c2_healthy	lag_t5_bytes	416.000000
retention	one_slow_n30	poll@100ms_c2_healthy	lag_t10_bytes	208.000000
retention	one_slow_n30	poll@100ms_c2_healthy	lag_t15_bytes	232.000000
retention	one_slow_n30	poll@100ms_c2_healthy	lag_t20_bytes	208.000000
retention	one_slow_n30	poll@100ms_c2_healthy	lag_t25_bytes	208.000000
retention	one_slow_n30	poll@100ms_c2_healthy	lag_t30_bytes	0.000000
retention	one_slow_n30	poll@100ms_c2_healthy	lag_t35_bytes	208.000000
retention	one_slow_n30	poll@100ms_c2_healthy	lag_t40_bytes	208.000000
retention	one_slow_n30	poll@100ms_c2_healthy	lag_t45_bytes	208.000000
retention	one_slow_n30	poll@100ms_c2_healthy	lag_t50_bytes	208.000000
retention	one_slow_n30	poll@100ms_c2_healthy	lag_t55_bytes	624.000000
retention	one_slow_n30	poll@100ms_c2_healthy	lag_t60_bytes	832.000000
retention	one_slow_n30	poll@100ms_c2_healthy	lag_t65_bytes	416.000000
retention	one_slow_n30	poll@100ms_c2_healthy	lag_t70_bytes	208.000000
retention	one_slow_n30	poll@100ms_c2_healthy	lag_t75_bytes	416.000000
retention	one_slow_n30	poll@100ms_c2_healthy	lag_t80_bytes	416.000000
retention	one_slow_n30	poll@100ms_c2_healthy	lag_t85_bytes	416.000000
retention	one_slow_n30	poll@100ms_c2_healthy	lag_t90_bytes	0.000000
retention	one_slow_n30	poll@100ms_c2_healthy	lag_end_bytes	0.000000
retention	one_slow_n30	poll@100ms_c2_healthy	lag_max_bytes	832.000000
retention	one_slow_n30	poll@100ms_c3_healthy	lag_t0_bytes	0.000000
retention	one_slow_n30	poll@100ms_c3_healthy	lag_t5_bytes	208.000000
retention	one_slow_n30	poll@100ms_c3_healthy	lag_t10_bytes	0.000000
retention	one_slow_n30	poll@100ms_c3_healthy	lag_t15_bytes	0.000000
retention	one_slow_n30	poll@100ms_c3_healthy	lag_t20_bytes	0.000000
retention	one_slow_n30	poll@100ms_c3_healthy	lag_t25_bytes	0.000000
retention	one_slow_n30	poll@100ms_c3_healthy	lag_t30_bytes	0.000000
retention	one_slow_n30	poll@100ms_c3_healthy	lag_t35_bytes	208.000000
retention	one_slow_n30	poll@100ms_c3_healthy	lag_t40_bytes	440.000000
retention	one_slow_n30	poll@100ms_c3_healthy	lag_t45_bytes	208.000000
retention	one_slow_n30	poll@100ms_c3_healthy	lag_t50_bytes	208.000000
retention	one_slow_n30	poll@100ms_c3_healthy	lag_t55_bytes	208.000000
retention	one_slow_n30	poll@100ms_c3_healthy	lag_t60_bytes	0.000000
retention	one_slow_n30	poll@100ms_c3_healthy	lag_t65_bytes	208.000000
retention	one_slow_n30	poll@100ms_c3_healthy	lag_t70_bytes	208.000000
retention	one_slow_n30	poll@100ms_c3_healthy	lag_t75_bytes	416.000000
retention	one_slow_n30	poll@100ms_c3_healthy	lag_t80_bytes	416.000000
retention	one_slow_n30	poll@100ms_c3_healthy	lag_t85_bytes	416.000000
retention	one_slow_n30	poll@100ms_c3_healthy	lag_t90_bytes	0.000000
retention	one_slow_n30	poll@100ms_c3_healthy	lag_end_bytes	0.000000
retention	one_slow_n30	poll@100ms_c3_healthy	lag_max_bytes	440.000000
retention	one_slow_n30	poll@100ms_c4_healthy	lag_t0_bytes	0.000000
retention	one_slow_n30	poll@100ms_c4_healthy	lag_t5_bytes	208.000000
retention	one_slow_n30	poll@100ms_c4_healthy	lag_t10_bytes	208.000000
retention	one_slow_n30	poll@100ms_c4_healthy	lag_t15_bytes	232.000000
retention	one_slow_n30	poll@100ms_c4_healthy	lag_t20_bytes	208.000000
retention	one_slow_n30	poll@100ms_c4_healthy	lag_t25_bytes	208.000000
retention	one_slow_n30	poll@100ms_c4_healthy	lag_t30_bytes	0.000000
retention	one_slow_n30	poll@100ms_c4_healthy	lag_t35_bytes	208.000000
retention	one_slow_n30	poll@100ms_c4_healthy	lag_t40_bytes	648.000000
retention	one_slow_n30	poll@100ms_c4_healthy	lag_t45_bytes	624.000000
retention	one_slow_n30	poll@100ms_c4_healthy	lag_t50_bytes	416.000000
retention	one_slow_n30	poll@100ms_c4_healthy	lag_t55_bytes	208.000000
retention	one_slow_n30	poll@100ms_c4_healthy	lag_t60_bytes	0.000000
retention	one_slow_n30	poll@100ms_c4_healthy	lag_t65_bytes	208.000000
retention	one_slow_n30	poll@100ms_c4_healthy	lag_t70_bytes	208.000000
retention	one_slow_n30	poll@100ms_c4_healthy	lag_t75_bytes	416.000000
retention	one_slow_n30	poll@100ms_c4_healthy	lag_t80_bytes	416.000000
retention	one_slow_n30	poll@100ms_c4_healthy	lag_t85_bytes	416.000000
retention	one_slow_n30	poll@100ms_c4_healthy	lag_t90_bytes	208.000000
retention	one_slow_n30	poll@100ms_c4_healthy	lag_end_bytes	208.000000
retention	one_slow_n30	poll@100ms_c4_healthy	lag_max_bytes	648.000000
retention	one_slow_n30	poll@100ms_c5_healthy	lag_t0_bytes	0.000000
retention	one_slow_n30	poll@100ms_c5_healthy	lag_t5_bytes	416.000000
retention	one_slow_n30	poll@100ms_c5_healthy	lag_t10_bytes	208.000000
retention	one_slow_n30	poll@100ms_c5_healthy	lag_t15_bytes	232.000000
retention	one_slow_n30	poll@100ms_c5_healthy	lag_t20_bytes	208.000000
retention	one_slow_n30	poll@100ms_c5_healthy	lag_t25_bytes	208.000000
retention	one_slow_n30	poll@100ms_c5_healthy	lag_t30_bytes	0.000000
retention	one_slow_n30	poll@100ms_c5_healthy	lag_t35_bytes	208.000000
retention	one_slow_n30	poll@100ms_c5_healthy	lag_t40_bytes	208.000000
retention	one_slow_n30	poll@100ms_c5_healthy	lag_t45_bytes	208.000000
retention	one_slow_n30	poll@100ms_c5_healthy	lag_t50_bytes	208.000000
retention	one_slow_n30	poll@100ms_c5_healthy	lag_t55_bytes	624.000000
retention	one_slow_n30	poll@100ms_c5_healthy	lag_t60_bytes	832.000000
retention	one_slow_n30	poll@100ms_c5_healthy	lag_t65_bytes	416.000000
retention	one_slow_n30	poll@100ms_c5_healthy	lag_t70_bytes	208.000000
retention	one_slow_n30	poll@100ms_c5_healthy	lag_t75_bytes	416.000000
retention	one_slow_n30	poll@100ms_c5_healthy	lag_t80_bytes	416.000000
retention	one_slow_n30	poll@100ms_c5_healthy	lag_t85_bytes	416.000000
retention	one_slow_n30	poll@100ms_c5_healthy	lag_t90_bytes	0.000000
retention	one_slow_n30	poll@100ms_c5_healthy	lag_end_bytes	0.000000
retention	one_slow_n30	poll@100ms_c5_healthy	lag_max_bytes	832.000000
retention	one_slow_n30	poll@100ms_c6_healthy	lag_t0_bytes	0.000000
retention	one_slow_n30	poll@100ms_c6_healthy	lag_t5_bytes	416.000000
retention	one_slow_n30	poll@100ms_c6_healthy	lag_t10_bytes	208.000000
retention	one_slow_n30	poll@100ms_c6_healthy	lag_t15_bytes	232.000000
retention	one_slow_n30	poll@100ms_c6_healthy	lag_t20_bytes	208.000000
retention	one_slow_n30	poll@100ms_c6_healthy	lag_t25_bytes	208.000000
retention	one_slow_n30	poll@100ms_c6_healthy	lag_t30_bytes	0.000000
retention	one_slow_n30	poll@100ms_c6_healthy	lag_t35_bytes	208.000000
retention	one_slow_n30	poll@100ms_c6_healthy	lag_t40_bytes	208.000000
retention	one_slow_n30	poll@100ms_c6_healthy	lag_t45_bytes	208.000000
retention	one_slow_n30	poll@100ms_c6_healthy	lag_t50_bytes	208.000000
retention	one_slow_n30	poll@100ms_c6_healthy	lag_t55_bytes	624.000000
retention	one_slow_n30	poll@100ms_c6_healthy	lag_t60_bytes	832.000000
retention	one_slow_n30	poll@100ms_c6_healthy	lag_t65_bytes	416.000000
retention	one_slow_n30	poll@100ms_c6_healthy	lag_t70_bytes	208.000000
retention	one_slow_n30	poll@100ms_c6_healthy	lag_t75_bytes	416.000000
retention	one_slow_n30	poll@100ms_c6_healthy	lag_t80_bytes	416.000000
retention	one_slow_n30	poll@100ms_c6_healthy	lag_t85_bytes	416.000000
retention	one_slow_n30	poll@100ms_c6_healthy	lag_t90_bytes	0.000000
retention	one_slow_n30	poll@100ms_c6_healthy	lag_end_bytes	0.000000
retention	one_slow_n30	poll@100ms_c6_healthy	lag_max_bytes	832.000000
retention	one_slow_n30	poll@100ms_c7_healthy	lag_t0_bytes	0.000000
retention	one_slow_n30	poll@100ms_c7_healthy	lag_t5_bytes	416.000000
retention	one_slow_n30	poll@100ms_c7_healthy	lag_t10_bytes	208.000000
retention	one_slow_n30	poll@100ms_c7_healthy	lag_t15_bytes	232.000000
retention	one_slow_n30	poll@100ms_c7_healthy	lag_t20_bytes	208.000000
retention	one_slow_n30	poll@100ms_c7_healthy	lag_t25_bytes	208.000000
retention	one_slow_n30	poll@100ms_c7_healthy	lag_t30_bytes	0.000000
retention	one_slow_n30	poll@100ms_c7_healthy	lag_t35_bytes	208.000000
retention	one_slow_n30	poll@100ms_c7_healthy	lag_t40_bytes	208.000000
retention	one_slow_n30	poll@100ms_c7_healthy	lag_t45_bytes	208.000000
retention	one_slow_n30	poll@100ms_c7_healthy	lag_t50_bytes	208.000000
retention	one_slow_n30	poll@100ms_c7_healthy	lag_t55_bytes	624.000000
retention	one_slow_n30	poll@100ms_c7_healthy	lag_t60_bytes	832.000000
retention	one_slow_n30	poll@100ms_c7_healthy	lag_t65_bytes	416.000000
retention	one_slow_n30	poll@100ms_c7_healthy	lag_t70_bytes	208.000000
retention	one_slow_n30	poll@100ms_c7_healthy	lag_t75_bytes	416.000000
retention	one_slow_n30	poll@100ms_c7_healthy	lag_t80_bytes	416.000000
retention	one_slow_n30	poll@100ms_c7_healthy	lag_t85_bytes	416.000000
retention	one_slow_n30	poll@100ms_c7_healthy	lag_t90_bytes	0.000000
retention	one_slow_n30	poll@100ms_c7_healthy	lag_end_bytes	0.000000
retention	one_slow_n30	poll@100ms_c7_healthy	lag_max_bytes	832.000000
retention	one_slow_n30	poll@100ms_c8_healthy	lag_t0_bytes	0.000000
retention	one_slow_n30	poll@100ms_c8_healthy	lag_t5_bytes	416.000000
retention	one_slow_n30	poll@100ms_c8_healthy	lag_t10_bytes	208.000000
retention	one_slow_n30	poll@100ms_c8_healthy	lag_t15_bytes	232.000000
retention	one_slow_n30	poll@100ms_c8_healthy	lag_t20_bytes	208.000000
retention	one_slow_n30	poll@100ms_c8_healthy	lag_t25_bytes	208.000000
retention	one_slow_n30	poll@100ms_c8_healthy	lag_t30_bytes	0.000000
retention	one_slow_n30	poll@100ms_c8_healthy	lag_t35_bytes	208.000000
retention	one_slow_n30	poll@100ms_c8_healthy	lag_t40_bytes	208.000000
retention	one_slow_n30	poll@100ms_c8_healthy	lag_t45_bytes	208.000000
retention	one_slow_n30	poll@100ms_c8_healthy	lag_t50_bytes	208.000000
retention	one_slow_n30	poll@100ms_c8_healthy	lag_t55_bytes	208.000000
retention	one_slow_n30	poll@100ms_c8_healthy	lag_t60_bytes	0.000000
retention	one_slow_n30	poll@100ms_c8_healthy	lag_t65_bytes	208.000000
retention	one_slow_n30	poll@100ms_c8_healthy	lag_t70_bytes	208.000000
retention	one_slow_n30	poll@100ms_c8_healthy	lag_t75_bytes	416.000000
retention	one_slow_n30	poll@100ms_c8_healthy	lag_t80_bytes	416.000000
retention	one_slow_n30	poll@100ms_c8_healthy	lag_t85_bytes	416.000000
retention	one_slow_n30	poll@100ms_c8_healthy	lag_t90_bytes	208.000000
retention	one_slow_n30	poll@100ms_c8_healthy	lag_end_bytes	208.000000
retention	one_slow_n30	poll@100ms_c8_healthy	lag_max_bytes	416.000000
retention	one_slow_n30	poll@100ms_c9_healthy	lag_t0_bytes	0.000000
retention	one_slow_n30	poll@100ms_c9_healthy	lag_t5_bytes	0.000000
retention	one_slow_n30	poll@100ms_c9_healthy	lag_t10_bytes	0.000000
retention	one_slow_n30	poll@100ms_c9_healthy	lag_t15_bytes	0.000000
retention	one_slow_n30	poll@100ms_c9_healthy	lag_t20_bytes	0.000000
retention	one_slow_n30	poll@100ms_c9_healthy	lag_t25_bytes	0.000000
retention	one_slow_n30	poll@100ms_c9_healthy	lag_t30_bytes	0.000000
retention	one_slow_n30	poll@100ms_c9_healthy	lag_t35_bytes	208.000000
retention	one_slow_n30	poll@100ms_c9_healthy	lag_t40_bytes	440.000000
retention	one_slow_n30	poll@100ms_c9_healthy	lag_t45_bytes	208.000000
retention	one_slow_n30	poll@100ms_c9_healthy	lag_t50_bytes	208.000000
retention	one_slow_n30	poll@100ms_c9_healthy	lag_t55_bytes	416.000000
retention	one_slow_n30	poll@100ms_c9_healthy	lag_t60_bytes	416.000000
retention	one_slow_n30	poll@100ms_c9_healthy	lag_t65_bytes	416.000000
retention	one_slow_n30	poll@100ms_c9_healthy	lag_t70_bytes	2136.000000
retention	one_slow_n30	poll@100ms_c9_healthy	lag_t75_bytes	208.000000
retention	one_slow_n30	poll@100ms_c9_healthy	lag_t80_bytes	416.000000
retention	one_slow_n30	poll@100ms_c9_healthy	lag_t85_bytes	208.000000
retention	one_slow_n30	poll@100ms_c9_healthy	lag_t90_bytes	208.000000
retention	one_slow_n30	poll@100ms_c9_healthy	lag_end_bytes	208.000000
retention	one_slow_n30	poll@100ms_c9_healthy	lag_max_bytes	2136.000000
retention	one_slow_n30	poll@100ms_c10_healthy	lag_t0_bytes	0.000000
retention	one_slow_n30	poll@100ms_c10_healthy	lag_t5_bytes	0.000000
retention	one_slow_n30	poll@100ms_c10_healthy	lag_t10_bytes	0.000000
retention	one_slow_n30	poll@100ms_c10_healthy	lag_t15_bytes	0.000000
retention	one_slow_n30	poll@100ms_c10_healthy	lag_t20_bytes	0.000000
retention	one_slow_n30	poll@100ms_c10_healthy	lag_t25_bytes	0.000000
retention	one_slow_n30	poll@100ms_c10_healthy	lag_t30_bytes	0.000000
retention	one_slow_n30	poll@100ms_c10_healthy	lag_t35_bytes	208.000000
retention	one_slow_n30	poll@100ms_c10_healthy	lag_t40_bytes	440.000000
retention	one_slow_n30	poll@100ms_c10_healthy	lag_t45_bytes	208.000000
retention	one_slow_n30	poll@100ms_c10_healthy	lag_t50_bytes	208.000000
retention	one_slow_n30	poll@100ms_c10_healthy	lag_t55_bytes	208.000000
retention	one_slow_n30	poll@100ms_c10_healthy	lag_t60_bytes	208.000000
retention	one_slow_n30	poll@100ms_c10_healthy	lag_t65_bytes	208.000000
retention	one_slow_n30	poll@100ms_c10_healthy	lag_t70_bytes	208.000000
retention	one_slow_n30	poll@100ms_c10_healthy	lag_t75_bytes	416.000000
retention	one_slow_n30	poll@100ms_c10_healthy	lag_t80_bytes	416.000000
retention	one_slow_n30	poll@100ms_c10_healthy	lag_t85_bytes	416.000000
retention	one_slow_n30	poll@100ms_c10_healthy	lag_t90_bytes	0.000000
retention	one_slow_n30	poll@100ms_c10_healthy	lag_end_bytes	0.000000
retention	one_slow_n30	poll@100ms_c10_healthy	lag_max_bytes	440.000000
retention	one_slow_n30	poll@100ms_c11_healthy	lag_t0_bytes	0.000000
retention	one_slow_n30	poll@100ms_c11_healthy	lag_t5_bytes	208.000000
retention	one_slow_n30	poll@100ms_c11_healthy	lag_t10_bytes	0.000000
retention	one_slow_n30	poll@100ms_c11_healthy	lag_t15_bytes	0.000000
retention	one_slow_n30	poll@100ms_c11_healthy	lag_t20_bytes	0.000000
retention	one_slow_n30	poll@100ms_c11_healthy	lag_t25_bytes	0.000000
retention	one_slow_n30	poll@100ms_c11_healthy	lag_t30_bytes	0.000000
retention	one_slow_n30	poll@100ms_c11_healthy	lag_t35_bytes	208.000000
retention	one_slow_n30	poll@100ms_c11_healthy	lag_t40_bytes	440.000000
retention	one_slow_n30	poll@100ms_c11_healthy	lag_t45_bytes	208.000000
retention	one_slow_n30	poll@100ms_c11_healthy	lag_t50_bytes	208.000000
retention	one_slow_n30	poll@100ms_c11_healthy	lag_t55_bytes	208.000000
retention	one_slow_n30	poll@100ms_c11_healthy	lag_t60_bytes	208.000000
retention	one_slow_n30	poll@100ms_c11_healthy	lag_t65_bytes	208.000000
retention	one_slow_n30	poll@100ms_c11_healthy	lag_t70_bytes	208.000000
retention	one_slow_n30	poll@100ms_c11_healthy	lag_t75_bytes	416.000000
retention	one_slow_n30	poll@100ms_c11_healthy	lag_t80_bytes	416.000000
retention	one_slow_n30	poll@100ms_c11_healthy	lag_t85_bytes	416.000000
retention	one_slow_n30	poll@100ms_c11_healthy	lag_t90_bytes	0.000000
retention	one_slow_n30	poll@100ms_c11_healthy	lag_end_bytes	0.000000
retention	one_slow_n30	poll@100ms_c11_healthy	lag_max_bytes	440.000000
retention	one_slow_n30	poll@100ms_c12_healthy	lag_t0_bytes	0.000000
retention	one_slow_n30	poll@100ms_c12_healthy	lag_t5_bytes	208.000000
retention	one_slow_n30	poll@100ms_c12_healthy	lag_t10_bytes	208.000000
retention	one_slow_n30	poll@100ms_c12_healthy	lag_t15_bytes	232.000000
retention	one_slow_n30	poll@100ms_c12_healthy	lag_t20_bytes	208.000000
retention	one_slow_n30	poll@100ms_c12_healthy	lag_t25_bytes	208.000000
retention	one_slow_n30	poll@100ms_c12_healthy	lag_t30_bytes	0.000000
retention	one_slow_n30	poll@100ms_c12_healthy	lag_t35_bytes	208.000000
retention	one_slow_n30	poll@100ms_c12_healthy	lag_t40_bytes	208.000000
retention	one_slow_n30	poll@100ms_c12_healthy	lag_t45_bytes	208.000000
retention	one_slow_n30	poll@100ms_c12_healthy	lag_t50_bytes	208.000000
retention	one_slow_n30	poll@100ms_c12_healthy	lag_t55_bytes	624.000000
retention	one_slow_n30	poll@100ms_c12_healthy	lag_t60_bytes	832.000000
retention	one_slow_n30	poll@100ms_c12_healthy	lag_t65_bytes	416.000000
retention	one_slow_n30	poll@100ms_c12_healthy	lag_t70_bytes	208.000000
retention	one_slow_n30	poll@100ms_c12_healthy	lag_t75_bytes	416.000000
retention	one_slow_n30	poll@100ms_c12_healthy	lag_t80_bytes	416.000000
retention	one_slow_n30	poll@100ms_c12_healthy	lag_t85_bytes	416.000000
retention	one_slow_n30	poll@100ms_c12_healthy	lag_t90_bytes	0.000000
retention	one_slow_n30	poll@100ms_c12_healthy	lag_end_bytes	0.000000
retention	one_slow_n30	poll@100ms_c12_healthy	lag_max_bytes	832.000000
retention	one_slow_n30	poll@100ms_c13_healthy	lag_t0_bytes	0.000000
retention	one_slow_n30	poll@100ms_c13_healthy	lag_t5_bytes	208.000000
retention	one_slow_n30	poll@100ms_c13_healthy	lag_t10_bytes	208.000000
retention	one_slow_n30	poll@100ms_c13_healthy	lag_t15_bytes	232.000000
retention	one_slow_n30	poll@100ms_c13_healthy	lag_t20_bytes	208.000000
retention	one_slow_n30	poll@100ms_c13_healthy	lag_t25_bytes	208.000000
retention	one_slow_n30	poll@100ms_c13_healthy	lag_t30_bytes	0.000000
retention	one_slow_n30	poll@100ms_c13_healthy	lag_t35_bytes	208.000000
retention	one_slow_n30	poll@100ms_c13_healthy	lag_t40_bytes	208.000000
retention	one_slow_n30	poll@100ms_c13_healthy	lag_t45_bytes	208.000000
retention	one_slow_n30	poll@100ms_c13_healthy	lag_t50_bytes	208.000000
retention	one_slow_n30	poll@100ms_c13_healthy	lag_t55_bytes	624.000000
retention	one_slow_n30	poll@100ms_c13_healthy	lag_t60_bytes	832.000000
retention	one_slow_n30	poll@100ms_c13_healthy	lag_t65_bytes	416.000000
retention	one_slow_n30	poll@100ms_c13_healthy	lag_t70_bytes	208.000000
retention	one_slow_n30	poll@100ms_c13_healthy	lag_t75_bytes	416.000000
retention	one_slow_n30	poll@100ms_c13_healthy	lag_t80_bytes	416.000000
retention	one_slow_n30	poll@100ms_c13_healthy	lag_t85_bytes	416.000000
retention	one_slow_n30	poll@100ms_c13_healthy	lag_t90_bytes	0.000000
retention	one_slow_n30	poll@100ms_c13_healthy	lag_end_bytes	0.000000
retention	one_slow_n30	poll@100ms_c13_healthy	lag_max_bytes	832.000000
retention	one_slow_n30	poll@100ms_c14_healthy	lag_t0_bytes	0.000000
retention	one_slow_n30	poll@100ms_c14_healthy	lag_t5_bytes	208.000000
retention	one_slow_n30	poll@100ms_c14_healthy	lag_t10_bytes	0.000000
retention	one_slow_n30	poll@100ms_c14_healthy	lag_t15_bytes	0.000000
retention	one_slow_n30	poll@100ms_c14_healthy	lag_t20_bytes	0.000000
retention	one_slow_n30	poll@100ms_c14_healthy	lag_t25_bytes	0.000000
retention	one_slow_n30	poll@100ms_c14_healthy	lag_t30_bytes	0.000000
retention	one_slow_n30	poll@100ms_c14_healthy	lag_t35_bytes	208.000000
retention	one_slow_n30	poll@100ms_c14_healthy	lag_t40_bytes	440.000000
retention	one_slow_n30	poll@100ms_c14_healthy	lag_t45_bytes	208.000000
retention	one_slow_n30	poll@100ms_c14_healthy	lag_t50_bytes	208.000000
retention	one_slow_n30	poll@100ms_c14_healthy	lag_t55_bytes	208.000000
retention	one_slow_n30	poll@100ms_c14_healthy	lag_t60_bytes	0.000000
retention	one_slow_n30	poll@100ms_c14_healthy	lag_t65_bytes	208.000000
retention	one_slow_n30	poll@100ms_c14_healthy	lag_t70_bytes	208.000000
retention	one_slow_n30	poll@100ms_c14_healthy	lag_t75_bytes	416.000000
retention	one_slow_n30	poll@100ms_c14_healthy	lag_t80_bytes	416.000000
retention	one_slow_n30	poll@100ms_c14_healthy	lag_t85_bytes	416.000000
retention	one_slow_n30	poll@100ms_c14_healthy	lag_t90_bytes	0.000000
retention	one_slow_n30	poll@100ms_c14_healthy	lag_end_bytes	0.000000
retention	one_slow_n30	poll@100ms_c14_healthy	lag_max_bytes	440.000000
retention	one_slow_n30	poll@100ms_c15_healthy	lag_t0_bytes	0.000000
retention	one_slow_n30	poll@100ms_c15_healthy	lag_t5_bytes	208.000000
retention	one_slow_n30	poll@100ms_c15_healthy	lag_t10_bytes	208.000000
retention	one_slow_n30	poll@100ms_c15_healthy	lag_t15_bytes	232.000000
retention	one_slow_n30	poll@100ms_c15_healthy	lag_t20_bytes	208.000000
retention	one_slow_n30	poll@100ms_c15_healthy	lag_t25_bytes	208.000000
retention	one_slow_n30	poll@100ms_c15_healthy	lag_t30_bytes	0.000000
retention	one_slow_n30	poll@100ms_c15_healthy	lag_t35_bytes	208.000000
retention	one_slow_n30	poll@100ms_c15_healthy	lag_t40_bytes	208.000000
retention	one_slow_n30	poll@100ms_c15_healthy	lag_t45_bytes	208.000000
retention	one_slow_n30	poll@100ms_c15_healthy	lag_t50_bytes	208.000000
retention	one_slow_n30	poll@100ms_c15_healthy	lag_t55_bytes	624.000000
retention	one_slow_n30	poll@100ms_c15_healthy	lag_t60_bytes	832.000000
retention	one_slow_n30	poll@100ms_c15_healthy	lag_t65_bytes	416.000000
retention	one_slow_n30	poll@100ms_c15_healthy	lag_t70_bytes	208.000000
retention	one_slow_n30	poll@100ms_c15_healthy	lag_t75_bytes	416.000000
retention	one_slow_n30	poll@100ms_c15_healthy	lag_t80_bytes	416.000000
retention	one_slow_n30	poll@100ms_c15_healthy	lag_t85_bytes	416.000000
retention	one_slow_n30	poll@100ms_c15_healthy	lag_t90_bytes	0.000000
retention	one_slow_n30	poll@100ms_c15_healthy	lag_end_bytes	0.000000
retention	one_slow_n30	poll@100ms_c15_healthy	lag_max_bytes	832.000000
retention	one_slow_n30	poll@100ms_c16_healthy	lag_t0_bytes	0.000000
retention	one_slow_n30	poll@100ms_c16_healthy	lag_t5_bytes	208.000000
retention	one_slow_n30	poll@100ms_c16_healthy	lag_t10_bytes	208.000000
retention	one_slow_n30	poll@100ms_c16_healthy	lag_t15_bytes	232.000000
retention	one_slow_n30	poll@100ms_c16_healthy	lag_t20_bytes	208.000000
retention	one_slow_n30	poll@100ms_c16_healthy	lag_t25_bytes	208.000000
retention	one_slow_n30	poll@100ms_c16_healthy	lag_t30_bytes	0.000000
retention	one_slow_n30	poll@100ms_c16_healthy	lag_t35_bytes	208.000000
retention	one_slow_n30	poll@100ms_c16_healthy	lag_t40_bytes	208.000000
retention	one_slow_n30	poll@100ms_c16_healthy	lag_t45_bytes	208.000000
retention	one_slow_n30	poll@100ms_c16_healthy	lag_t50_bytes	208.000000
retention	one_slow_n30	poll@100ms_c16_healthy	lag_t55_bytes	624.000000
retention	one_slow_n30	poll@100ms_c16_healthy	lag_t60_bytes	832.000000
retention	one_slow_n30	poll@100ms_c16_healthy	lag_t65_bytes	416.000000
retention	one_slow_n30	poll@100ms_c16_healthy	lag_t70_bytes	208.000000
retention	one_slow_n30	poll@100ms_c16_healthy	lag_t75_bytes	416.000000
retention	one_slow_n30	poll@100ms_c16_healthy	lag_t80_bytes	416.000000
retention	one_slow_n30	poll@100ms_c16_healthy	lag_t85_bytes	416.000000
retention	one_slow_n30	poll@100ms_c16_healthy	lag_t90_bytes	0.000000
retention	one_slow_n30	poll@100ms_c16_healthy	lag_end_bytes	0.000000
retention	one_slow_n30	poll@100ms_c16_healthy	lag_max_bytes	832.000000
retention	one_slow_n30	poll@100ms_c17_healthy	lag_t0_bytes	0.000000
retention	one_slow_n30	poll@100ms_c17_healthy	lag_t5_bytes	416.000000
retention	one_slow_n30	poll@100ms_c17_healthy	lag_t10_bytes	416.000000
retention	one_slow_n30	poll@100ms_c17_healthy	lag_t15_bytes	440.000000
retention	one_slow_n30	poll@100ms_c17_healthy	lag_t20_bytes	648.000000
retention	one_slow_n30	poll@100ms_c17_healthy	lag_t25_bytes	208.000000
retention	one_slow_n30	poll@100ms_c17_healthy	lag_t30_bytes	0.000000
retention	one_slow_n30	poll@100ms_c17_healthy	lag_t35_bytes	208.000000
retention	one_slow_n30	poll@100ms_c17_healthy	lag_t40_bytes	856.000000
retention	one_slow_n30	poll@100ms_c17_healthy	lag_t45_bytes	832.000000
retention	one_slow_n30	poll@100ms_c17_healthy	lag_t50_bytes	832.000000
retention	one_slow_n30	poll@100ms_c17_healthy	lag_t55_bytes	624.000000
retention	one_slow_n30	poll@100ms_c17_healthy	lag_t60_bytes	832.000000
retention	one_slow_n30	poll@100ms_c17_healthy	lag_t65_bytes	416.000000
retention	one_slow_n30	poll@100ms_c17_healthy	lag_t70_bytes	208.000000
retention	one_slow_n30	poll@100ms_c17_healthy	lag_t75_bytes	416.000000
retention	one_slow_n30	poll@100ms_c17_healthy	lag_t80_bytes	416.000000
retention	one_slow_n30	poll@100ms_c17_healthy	lag_t85_bytes	416.000000
retention	one_slow_n30	poll@100ms_c17_healthy	lag_t90_bytes	0.000000
retention	one_slow_n30	poll@100ms_c17_healthy	lag_end_bytes	0.000000
retention	one_slow_n30	poll@100ms_c17_healthy	lag_max_bytes	856.000000
retention	one_slow_n30	poll@100ms_c18_healthy	lag_t0_bytes	0.000000
retention	one_slow_n30	poll@100ms_c18_healthy	lag_t5_bytes	0.000000
retention	one_slow_n30	poll@100ms_c18_healthy	lag_t10_bytes	208.000000
retention	one_slow_n30	poll@100ms_c18_healthy	lag_t15_bytes	232.000000
retention	one_slow_n30	poll@100ms_c18_healthy	lag_t20_bytes	208.000000
retention	one_slow_n30	poll@100ms_c18_healthy	lag_t25_bytes	208.000000
retention	one_slow_n30	poll@100ms_c18_healthy	lag_t30_bytes	0.000000
retention	one_slow_n30	poll@100ms_c18_healthy	lag_t35_bytes	208.000000
retention	one_slow_n30	poll@100ms_c18_healthy	lag_t40_bytes	208.000000
retention	one_slow_n30	poll@100ms_c18_healthy	lag_t45_bytes	208.000000
retention	one_slow_n30	poll@100ms_c18_healthy	lag_t50_bytes	208.000000
retention	one_slow_n30	poll@100ms_c18_healthy	lag_t55_bytes	624.000000
retention	one_slow_n30	poll@100ms_c18_healthy	lag_t60_bytes	832.000000
retention	one_slow_n30	poll@100ms_c18_healthy	lag_t65_bytes	416.000000
retention	one_slow_n30	poll@100ms_c18_healthy	lag_t70_bytes	208.000000
retention	one_slow_n30	poll@100ms_c18_healthy	lag_t75_bytes	416.000000
retention	one_slow_n30	poll@100ms_c18_healthy	lag_t80_bytes	416.000000
retention	one_slow_n30	poll@100ms_c18_healthy	lag_t85_bytes	416.000000
retention	one_slow_n30	poll@100ms_c18_healthy	lag_t90_bytes	0.000000
retention	one_slow_n30	poll@100ms_c18_healthy	lag_end_bytes	0.000000
retention	one_slow_n30	poll@100ms_c18_healthy	lag_max_bytes	832.000000
retention	one_slow_n30	poll@100ms_c19_healthy	lag_t0_bytes	0.000000
retention	one_slow_n30	poll@100ms_c19_healthy	lag_t5_bytes	0.000000
retention	one_slow_n30	poll@100ms_c19_healthy	lag_t10_bytes	0.000000
retention	one_slow_n30	poll@100ms_c19_healthy	lag_t15_bytes	0.000000
retention	one_slow_n30	poll@100ms_c19_healthy	lag_t20_bytes	0.000000
retention	one_slow_n30	poll@100ms_c19_healthy	lag_t25_bytes	0.000000
retention	one_slow_n30	poll@100ms_c19_healthy	lag_t30_bytes	0.000000
retention	one_slow_n30	poll@100ms_c19_healthy	lag_t35_bytes	208.000000
retention	one_slow_n30	poll@100ms_c19_healthy	lag_t40_bytes	440.000000
retention	one_slow_n30	poll@100ms_c19_healthy	lag_t45_bytes	208.000000
retention	one_slow_n30	poll@100ms_c19_healthy	lag_t50_bytes	416.000000
retention	one_slow_n30	poll@100ms_c19_healthy	lag_t55_bytes	0.000000
retention	one_slow_n30	poll@100ms_c19_healthy	lag_t60_bytes	0.000000
retention	one_slow_n30	poll@100ms_c19_healthy	lag_t65_bytes	208.000000
retention	one_slow_n30	poll@100ms_c19_healthy	lag_t70_bytes	208.000000
retention	one_slow_n30	poll@100ms_c19_healthy	lag_t75_bytes	416.000000
retention	one_slow_n30	poll@100ms_c19_healthy	lag_t80_bytes	416.000000
retention	one_slow_n30	poll@100ms_c19_healthy	lag_t85_bytes	416.000000
retention	one_slow_n30	poll@100ms_c19_healthy	lag_t90_bytes	0.000000
retention	one_slow_n30	poll@100ms_c19_healthy	lag_end_bytes	0.000000
retention	one_slow_n30	poll@100ms_c19_healthy	lag_max_bytes	440.000000
retention	one_slow_n30	poll@100ms_c20_healthy	lag_t0_bytes	0.000000
retention	one_slow_n30	poll@100ms_c20_healthy	lag_t5_bytes	208.000000
retention	one_slow_n30	poll@100ms_c20_healthy	lag_t10_bytes	0.000000
retention	one_slow_n30	poll@100ms_c20_healthy	lag_t15_bytes	0.000000
retention	one_slow_n30	poll@100ms_c20_healthy	lag_t20_bytes	0.000000
retention	one_slow_n30	poll@100ms_c20_healthy	lag_t25_bytes	0.000000
retention	one_slow_n30	poll@100ms_c20_healthy	lag_t30_bytes	0.000000
retention	one_slow_n30	poll@100ms_c20_healthy	lag_t35_bytes	208.000000
retention	one_slow_n30	poll@100ms_c20_healthy	lag_t40_bytes	440.000000
retention	one_slow_n30	poll@100ms_c20_healthy	lag_t45_bytes	208.000000
retention	one_slow_n30	poll@100ms_c20_healthy	lag_t50_bytes	208.000000
retention	one_slow_n30	poll@100ms_c20_healthy	lag_t55_bytes	208.000000
retention	one_slow_n30	poll@100ms_c20_healthy	lag_t60_bytes	0.000000
retention	one_slow_n30	poll@100ms_c20_healthy	lag_t65_bytes	208.000000
retention	one_slow_n30	poll@100ms_c20_healthy	lag_t70_bytes	208.000000
retention	one_slow_n30	poll@100ms_c20_healthy	lag_t75_bytes	208.000000
retention	one_slow_n30	poll@100ms_c20_healthy	lag_t80_bytes	208.000000
retention	one_slow_n30	poll@100ms_c20_healthy	lag_t85_bytes	208.000000
retention	one_slow_n30	poll@100ms_c20_healthy	lag_t90_bytes	208.000000
retention	one_slow_n30	poll@100ms_c20_healthy	lag_end_bytes	208.000000
retention	one_slow_n30	poll@100ms_c20_healthy	lag_max_bytes	440.000000
retention	one_slow_n30	poll@100ms_c21_healthy	lag_t0_bytes	0.000000
retention	one_slow_n30	poll@100ms_c21_healthy	lag_t5_bytes	208.000000
retention	one_slow_n30	poll@100ms_c21_healthy	lag_t10_bytes	0.000000
retention	one_slow_n30	poll@100ms_c21_healthy	lag_t15_bytes	0.000000
retention	one_slow_n30	poll@100ms_c21_healthy	lag_t20_bytes	0.000000
retention	one_slow_n30	poll@100ms_c21_healthy	lag_t25_bytes	0.000000
retention	one_slow_n30	poll@100ms_c21_healthy	lag_t30_bytes	0.000000
retention	one_slow_n30	poll@100ms_c21_healthy	lag_t35_bytes	208.000000
retention	one_slow_n30	poll@100ms_c21_healthy	lag_t40_bytes	440.000000
retention	one_slow_n30	poll@100ms_c21_healthy	lag_t45_bytes	208.000000
retention	one_slow_n30	poll@100ms_c21_healthy	lag_t50_bytes	416.000000
retention	one_slow_n30	poll@100ms_c21_healthy	lag_t55_bytes	0.000000
retention	one_slow_n30	poll@100ms_c21_healthy	lag_t60_bytes	0.000000
retention	one_slow_n30	poll@100ms_c21_healthy	lag_t65_bytes	208.000000
retention	one_slow_n30	poll@100ms_c21_healthy	lag_t70_bytes	208.000000
retention	one_slow_n30	poll@100ms_c21_healthy	lag_t75_bytes	416.000000
retention	one_slow_n30	poll@100ms_c21_healthy	lag_t80_bytes	416.000000
retention	one_slow_n30	poll@100ms_c21_healthy	lag_t85_bytes	416.000000
retention	one_slow_n30	poll@100ms_c21_healthy	lag_t90_bytes	208.000000
retention	one_slow_n30	poll@100ms_c21_healthy	lag_end_bytes	208.000000
retention	one_slow_n30	poll@100ms_c21_healthy	lag_max_bytes	440.000000
retention	one_slow_n30	poll@100ms_c22_healthy	lag_t0_bytes	0.000000
retention	one_slow_n30	poll@100ms_c22_healthy	lag_t5_bytes	208.000000
retention	one_slow_n30	poll@100ms_c22_healthy	lag_t10_bytes	0.000000
retention	one_slow_n30	poll@100ms_c22_healthy	lag_t15_bytes	0.000000
retention	one_slow_n30	poll@100ms_c22_healthy	lag_t20_bytes	0.000000
retention	one_slow_n30	poll@100ms_c22_healthy	lag_t25_bytes	0.000000
retention	one_slow_n30	poll@100ms_c22_healthy	lag_t30_bytes	0.000000
retention	one_slow_n30	poll@100ms_c22_healthy	lag_t35_bytes	208.000000
retention	one_slow_n30	poll@100ms_c22_healthy	lag_t40_bytes	440.000000
retention	one_slow_n30	poll@100ms_c22_healthy	lag_t45_bytes	208.000000
retention	one_slow_n30	poll@100ms_c22_healthy	lag_t50_bytes	208.000000
retention	one_slow_n30	poll@100ms_c22_healthy	lag_t55_bytes	208.000000
retention	one_slow_n30	poll@100ms_c22_healthy	lag_t60_bytes	0.000000
retention	one_slow_n30	poll@100ms_c22_healthy	lag_t65_bytes	208.000000
retention	one_slow_n30	poll@100ms_c22_healthy	lag_t70_bytes	208.000000
retention	one_slow_n30	poll@100ms_c22_healthy	lag_t75_bytes	416.000000
retention	one_slow_n30	poll@100ms_c22_healthy	lag_t80_bytes	416.000000
retention	one_slow_n30	poll@100ms_c22_healthy	lag_t85_bytes	416.000000
retention	one_slow_n30	poll@100ms_c22_healthy	lag_t90_bytes	208.000000
retention	one_slow_n30	poll@100ms_c22_healthy	lag_end_bytes	208.000000
retention	one_slow_n30	poll@100ms_c22_healthy	lag_max_bytes	440.000000
retention	one_slow_n30	poll@100ms_c23_healthy	lag_t0_bytes	0.000000
retention	one_slow_n30	poll@100ms_c23_healthy	lag_t5_bytes	416.000000
retention	one_slow_n30	poll@100ms_c23_healthy	lag_t10_bytes	208.000000
retention	one_slow_n30	poll@100ms_c23_healthy	lag_t15_bytes	232.000000
retention	one_slow_n30	poll@100ms_c23_healthy	lag_t20_bytes	208.000000
retention	one_slow_n30	poll@100ms_c23_healthy	lag_t25_bytes	208.000000
retention	one_slow_n30	poll@100ms_c23_healthy	lag_t30_bytes	0.000000
retention	one_slow_n30	poll@100ms_c23_healthy	lag_t35_bytes	208.000000
retention	one_slow_n30	poll@100ms_c23_healthy	lag_t40_bytes	208.000000
retention	one_slow_n30	poll@100ms_c23_healthy	lag_t45_bytes	208.000000
retention	one_slow_n30	poll@100ms_c23_healthy	lag_t50_bytes	208.000000
retention	one_slow_n30	poll@100ms_c23_healthy	lag_t55_bytes	624.000000
retention	one_slow_n30	poll@100ms_c23_healthy	lag_t60_bytes	832.000000
retention	one_slow_n30	poll@100ms_c23_healthy	lag_t65_bytes	416.000000
retention	one_slow_n30	poll@100ms_c23_healthy	lag_t70_bytes	208.000000
retention	one_slow_n30	poll@100ms_c23_healthy	lag_t75_bytes	416.000000
retention	one_slow_n30	poll@100ms_c23_healthy	lag_t80_bytes	416.000000
retention	one_slow_n30	poll@100ms_c23_healthy	lag_t85_bytes	416.000000
retention	one_slow_n30	poll@100ms_c23_healthy	lag_t90_bytes	0.000000
retention	one_slow_n30	poll@100ms_c23_healthy	lag_end_bytes	0.000000
retention	one_slow_n30	poll@100ms_c23_healthy	lag_max_bytes	832.000000
retention	one_slow_n30	poll@100ms_c24_healthy	lag_t0_bytes	0.000000
retention	one_slow_n30	poll@100ms_c24_healthy	lag_t5_bytes	208.000000
retention	one_slow_n30	poll@100ms_c24_healthy	lag_t10_bytes	0.000000
retention	one_slow_n30	poll@100ms_c24_healthy	lag_t15_bytes	0.000000
retention	one_slow_n30	poll@100ms_c24_healthy	lag_t20_bytes	0.000000
retention	one_slow_n30	poll@100ms_c24_healthy	lag_t25_bytes	0.000000
retention	one_slow_n30	poll@100ms_c24_healthy	lag_t30_bytes	0.000000
retention	one_slow_n30	poll@100ms_c24_healthy	lag_t35_bytes	208.000000
retention	one_slow_n30	poll@100ms_c24_healthy	lag_t40_bytes	440.000000
retention	one_slow_n30	poll@100ms_c24_healthy	lag_t45_bytes	208.000000
retention	one_slow_n30	poll@100ms_c24_healthy	lag_t50_bytes	416.000000
retention	one_slow_n30	poll@100ms_c24_healthy	lag_t55_bytes	0.000000
retention	one_slow_n30	poll@100ms_c24_healthy	lag_t60_bytes	0.000000
retention	one_slow_n30	poll@100ms_c24_healthy	lag_t65_bytes	208.000000
retention	one_slow_n30	poll@100ms_c24_healthy	lag_t70_bytes	208.000000
retention	one_slow_n30	poll@100ms_c24_healthy	lag_t75_bytes	416.000000
retention	one_slow_n30	poll@100ms_c24_healthy	lag_t80_bytes	416.000000
retention	one_slow_n30	poll@100ms_c24_healthy	lag_t85_bytes	416.000000
retention	one_slow_n30	poll@100ms_c24_healthy	lag_t90_bytes	0.000000
retention	one_slow_n30	poll@100ms_c24_healthy	lag_end_bytes	0.000000
retention	one_slow_n30	poll@100ms_c24_healthy	lag_max_bytes	440.000000
retention	one_slow_n30	poll@100ms_c25_healthy	lag_t0_bytes	0.000000
retention	one_slow_n30	poll@100ms_c25_healthy	lag_t5_bytes	416.000000
retention	one_slow_n30	poll@100ms_c25_healthy	lag_t10_bytes	416.000000
retention	one_slow_n30	poll@100ms_c25_healthy	lag_t15_bytes	440.000000
retention	one_slow_n30	poll@100ms_c25_healthy	lag_t20_bytes	648.000000
retention	one_slow_n30	poll@100ms_c25_healthy	lag_t25_bytes	208.000000
retention	one_slow_n30	poll@100ms_c25_healthy	lag_t30_bytes	0.000000
retention	one_slow_n30	poll@100ms_c25_healthy	lag_t35_bytes	208.000000
retention	one_slow_n30	poll@100ms_c25_healthy	lag_t40_bytes	208.000000
retention	one_slow_n30	poll@100ms_c25_healthy	lag_t45_bytes	208.000000
retention	one_slow_n30	poll@100ms_c25_healthy	lag_t50_bytes	208.000000
retention	one_slow_n30	poll@100ms_c25_healthy	lag_t55_bytes	624.000000
retention	one_slow_n30	poll@100ms_c25_healthy	lag_t60_bytes	832.000000
retention	one_slow_n30	poll@100ms_c25_healthy	lag_t65_bytes	416.000000
retention	one_slow_n30	poll@100ms_c25_healthy	lag_t70_bytes	208.000000
retention	one_slow_n30	poll@100ms_c25_healthy	lag_t75_bytes	416.000000
retention	one_slow_n30	poll@100ms_c25_healthy	lag_t80_bytes	416.000000
retention	one_slow_n30	poll@100ms_c25_healthy	lag_t85_bytes	416.000000
retention	one_slow_n30	poll@100ms_c25_healthy	lag_t90_bytes	0.000000
retention	one_slow_n30	poll@100ms_c25_healthy	lag_end_bytes	0.000000
retention	one_slow_n30	poll@100ms_c25_healthy	lag_max_bytes	832.000000
retention	one_slow_n30	poll@100ms_c26_healthy	lag_t0_bytes	0.000000
retention	one_slow_n30	poll@100ms_c26_healthy	lag_t5_bytes	208.000000
retention	one_slow_n30	poll@100ms_c26_healthy	lag_t10_bytes	208.000000
retention	one_slow_n30	poll@100ms_c26_healthy	lag_t15_bytes	232.000000
retention	one_slow_n30	poll@100ms_c26_healthy	lag_t20_bytes	208.000000
retention	one_slow_n30	poll@100ms_c26_healthy	lag_t25_bytes	208.000000
retention	one_slow_n30	poll@100ms_c26_healthy	lag_t30_bytes	0.000000
retention	one_slow_n30	poll@100ms_c26_healthy	lag_t35_bytes	208.000000
retention	one_slow_n30	poll@100ms_c26_healthy	lag_t40_bytes	208.000000
retention	one_slow_n30	poll@100ms_c26_healthy	lag_t45_bytes	208.000000
retention	one_slow_n30	poll@100ms_c26_healthy	lag_t50_bytes	208.000000
retention	one_slow_n30	poll@100ms_c26_healthy	lag_t55_bytes	624.000000
retention	one_slow_n30	poll@100ms_c26_healthy	lag_t60_bytes	832.000000
retention	one_slow_n30	poll@100ms_c26_healthy	lag_t65_bytes	416.000000
retention	one_slow_n30	poll@100ms_c26_healthy	lag_t70_bytes	208.000000
retention	one_slow_n30	poll@100ms_c26_healthy	lag_t75_bytes	416.000000
retention	one_slow_n30	poll@100ms_c26_healthy	lag_t80_bytes	416.000000
retention	one_slow_n30	poll@100ms_c26_healthy	lag_t85_bytes	416.000000
retention	one_slow_n30	poll@100ms_c26_healthy	lag_t90_bytes	0.000000
retention	one_slow_n30	poll@100ms_c26_healthy	lag_end_bytes	0.000000
retention	one_slow_n30	poll@100ms_c26_healthy	lag_max_bytes	832.000000
retention	one_slow_n30	poll@100ms_c27_healthy	lag_t0_bytes	0.000000
retention	one_slow_n30	poll@100ms_c27_healthy	lag_t5_bytes	208.000000
retention	one_slow_n30	poll@100ms_c27_healthy	lag_t10_bytes	0.000000
retention	one_slow_n30	poll@100ms_c27_healthy	lag_t15_bytes	0.000000
retention	one_slow_n30	poll@100ms_c27_healthy	lag_t20_bytes	0.000000
retention	one_slow_n30	poll@100ms_c27_healthy	lag_t25_bytes	0.000000
retention	one_slow_n30	poll@100ms_c27_healthy	lag_t30_bytes	0.000000
retention	one_slow_n30	poll@100ms_c27_healthy	lag_t35_bytes	208.000000
retention	one_slow_n30	poll@100ms_c27_healthy	lag_t40_bytes	440.000000
retention	one_slow_n30	poll@100ms_c27_healthy	lag_t45_bytes	208.000000
retention	one_slow_n30	poll@100ms_c27_healthy	lag_t50_bytes	416.000000
retention	one_slow_n30	poll@100ms_c27_healthy	lag_t55_bytes	0.000000
retention	one_slow_n30	poll@100ms_c27_healthy	lag_t60_bytes	0.000000
retention	one_slow_n30	poll@100ms_c27_healthy	lag_t65_bytes	208.000000
retention	one_slow_n30	poll@100ms_c27_healthy	lag_t70_bytes	208.000000
retention	one_slow_n30	poll@100ms_c27_healthy	lag_t75_bytes	416.000000
retention	one_slow_n30	poll@100ms_c27_healthy	lag_t80_bytes	416.000000
retention	one_slow_n30	poll@100ms_c27_healthy	lag_t85_bytes	416.000000
retention	one_slow_n30	poll@100ms_c27_healthy	lag_t90_bytes	0.000000
retention	one_slow_n30	poll@100ms_c27_healthy	lag_end_bytes	0.000000
retention	one_slow_n30	poll@100ms_c27_healthy	lag_max_bytes	440.000000
retention	one_slow_n30	poll@100ms_c28_healthy	lag_t0_bytes	0.000000
retention	one_slow_n30	poll@100ms_c28_healthy	lag_t5_bytes	0.000000
retention	one_slow_n30	poll@100ms_c28_healthy	lag_t10_bytes	208.000000
retention	one_slow_n30	poll@100ms_c28_healthy	lag_t15_bytes	232.000000
retention	one_slow_n30	poll@100ms_c28_healthy	lag_t20_bytes	208.000000
retention	one_slow_n30	poll@100ms_c28_healthy	lag_t25_bytes	208.000000
retention	one_slow_n30	poll@100ms_c28_healthy	lag_t30_bytes	0.000000
retention	one_slow_n30	poll@100ms_c28_healthy	lag_t35_bytes	208.000000
retention	one_slow_n30	poll@100ms_c28_healthy	lag_t40_bytes	208.000000
retention	one_slow_n30	poll@100ms_c28_healthy	lag_t45_bytes	208.000000
retention	one_slow_n30	poll@100ms_c28_healthy	lag_t50_bytes	208.000000
retention	one_slow_n30	poll@100ms_c28_healthy	lag_t55_bytes	624.000000
retention	one_slow_n30	poll@100ms_c28_healthy	lag_t60_bytes	832.000000
retention	one_slow_n30	poll@100ms_c28_healthy	lag_t65_bytes	416.000000
retention	one_slow_n30	poll@100ms_c28_healthy	lag_t70_bytes	208.000000
retention	one_slow_n30	poll@100ms_c28_healthy	lag_t75_bytes	416.000000
retention	one_slow_n30	poll@100ms_c28_healthy	lag_t80_bytes	416.000000
retention	one_slow_n30	poll@100ms_c28_healthy	lag_t85_bytes	416.000000
retention	one_slow_n30	poll@100ms_c28_healthy	lag_t90_bytes	0.000000
retention	one_slow_n30	poll@100ms_c28_healthy	lag_end_bytes	0.000000
retention	one_slow_n30	poll@100ms_c28_healthy	lag_max_bytes	832.000000
retention	one_slow_n30	poll@100ms_c29_healthy	lag_t0_bytes	0.000000
retention	one_slow_n30	poll@100ms_c29_healthy	lag_t5_bytes	0.000000
retention	one_slow_n30	poll@100ms_c29_healthy	lag_t10_bytes	208.000000
retention	one_slow_n30	poll@100ms_c29_healthy	lag_t15_bytes	232.000000
retention	one_slow_n30	poll@100ms_c29_healthy	lag_t20_bytes	208.000000
retention	one_slow_n30	poll@100ms_c29_healthy	lag_t25_bytes	208.000000
retention	one_slow_n30	poll@100ms_c29_healthy	lag_t30_bytes	0.000000
retention	one_slow_n30	poll@100ms_c29_healthy	lag_t35_bytes	208.000000
retention	one_slow_n30	poll@100ms_c29_healthy	lag_t40_bytes	208.000000
retention	one_slow_n30	poll@100ms_c29_healthy	lag_t45_bytes	208.000000
retention	one_slow_n30	poll@100ms_c29_healthy	lag_t50_bytes	208.000000
retention	one_slow_n30	poll@100ms_c29_healthy	lag_t55_bytes	624.000000
retention	one_slow_n30	poll@100ms_c29_healthy	lag_t60_bytes	832.000000
retention	one_slow_n30	poll@100ms_c29_healthy	lag_t65_bytes	416.000000
retention	one_slow_n30	poll@100ms_c29_healthy	lag_t70_bytes	208.000000
retention	one_slow_n30	poll@100ms_c29_healthy	lag_t75_bytes	416.000000
retention	one_slow_n30	poll@100ms_c29_healthy	lag_t80_bytes	416.000000
retention	one_slow_n30	poll@100ms_c29_healthy	lag_t85_bytes	416.000000
retention	one_slow_n30	poll@100ms_c29_healthy	lag_t90_bytes	0.000000
retention	one_slow_n30	poll@100ms_c29_healthy	lag_end_bytes	0.000000
retention	one_slow_n30	poll@100ms_c29_healthy	lag_max_bytes	832.000000
retention	one_crashed_n5	push_c0_crashed	lag_t0_bytes	224.000000
retention	one_crashed_n5	push_c0_crashed	lag_t5_bytes	43824.000000
retention	one_crashed_n5	push_c0_crashed	lag_t10_bytes	127608.000000
retention	one_crashed_n5	push_c0_crashed	lag_t15_bytes	208272.000000
retention	one_crashed_n5	push_c0_crashed	lag_t20_bytes	304016.000000
retention	one_crashed_n5	push_c0_crashed	lag_t25_bytes	382576.000000
retention	one_crashed_n5	push_c0_crashed	lag_t30_bytes	466152.000000
retention	one_crashed_n5	push_c0_crashed	lag_t35_bytes	550432.000000
retention	one_crashed_n5	push_c0_crashed	lag_t40_bytes	632552.000000
retention	one_crashed_n5	push_c0_crashed	lag_t45_bytes	755696.000000
retention	one_crashed_n5	push_c0_crashed	lag_t50_bytes	1052520.000000
retention	one_crashed_n5	push_c0_crashed	lag_t55_bytes	1350984.000000
retention	one_crashed_n5	push_c0_crashed	lag_t60_bytes	1656192.000000
retention	one_crashed_n5	push_c0_crashed	lag_t65_bytes	1949040.000000
retention	one_crashed_n5	push_c0_crashed	lag_t70_bytes	2247704.000000
retention	one_crashed_n5	push_c0_crashed	lag_t75_bytes	2544472.000000
retention	one_crashed_n5	push_c0_crashed	lag_t80_bytes	2834408.000000
retention	one_crashed_n5	push_c0_crashed	lag_t85_bytes	3154272.000000
retention	one_crashed_n5	push_c0_crashed	lag_t90_bytes	3463568.000000
retention	one_crashed_n5	push_c0_crashed	lag_end_bytes	3463568.000000
retention	one_crashed_n5	push_c0_crashed	lag_max_bytes	3463568.000000
retention	one_crashed_n5	push_c1_healthy	lag_t0_bytes	168.000000
retention	one_crashed_n5	push_c1_healthy	lag_t5_bytes	43768.000000
retention	one_crashed_n5	push_c1_healthy	lag_t10_bytes	127552.000000
retention	one_crashed_n5	push_c1_healthy	lag_t15_bytes	208216.000000
retention	one_crashed_n5	push_c1_healthy	lag_t20_bytes	303960.000000
retention	one_crashed_n5	push_c1_healthy	lag_t25_bytes	382520.000000
retention	one_crashed_n5	push_c1_healthy	lag_t30_bytes	466096.000000
retention	one_crashed_n5	push_c1_healthy	lag_t35_bytes	550376.000000
retention	one_crashed_n5	push_c1_healthy	lag_t40_bytes	632496.000000
retention	one_crashed_n5	push_c1_healthy	lag_t45_bytes	755640.000000
retention	one_crashed_n5	push_c1_healthy	lag_t50_bytes	1052464.000000
retention	one_crashed_n5	push_c1_healthy	lag_t55_bytes	1350928.000000
retention	one_crashed_n5	push_c1_healthy	lag_t60_bytes	1656136.000000
retention	one_crashed_n5	push_c1_healthy	lag_t65_bytes	1948984.000000
retention	one_crashed_n5	push_c1_healthy	lag_t70_bytes	2247648.000000
retention	one_crashed_n5	push_c1_healthy	lag_t75_bytes	2544416.000000
retention	one_crashed_n5	push_c1_healthy	lag_t80_bytes	2834352.000000
retention	one_crashed_n5	push_c1_healthy	lag_t85_bytes	3154216.000000
retention	one_crashed_n5	push_c1_healthy	lag_t90_bytes	3463512.000000
retention	one_crashed_n5	push_c1_healthy	lag_end_bytes	3463512.000000
retention	one_crashed_n5	push_c1_healthy	lag_max_bytes	3463512.000000
retention	one_crashed_n5	push_c2_healthy	lag_t0_bytes	112.000000
retention	one_crashed_n5	push_c2_healthy	lag_t5_bytes	43712.000000
retention	one_crashed_n5	push_c2_healthy	lag_t10_bytes	127496.000000
retention	one_crashed_n5	push_c2_healthy	lag_t15_bytes	208160.000000
retention	one_crashed_n5	push_c2_healthy	lag_t20_bytes	303904.000000
retention	one_crashed_n5	push_c2_healthy	lag_t25_bytes	382464.000000
retention	one_crashed_n5	push_c2_healthy	lag_t30_bytes	466040.000000
retention	one_crashed_n5	push_c2_healthy	lag_t35_bytes	550320.000000
retention	one_crashed_n5	push_c2_healthy	lag_t40_bytes	632440.000000
retention	one_crashed_n5	push_c2_healthy	lag_t45_bytes	755584.000000
retention	one_crashed_n5	push_c2_healthy	lag_t50_bytes	1052408.000000
retention	one_crashed_n5	push_c2_healthy	lag_t55_bytes	1350872.000000
retention	one_crashed_n5	push_c2_healthy	lag_t60_bytes	1656080.000000
retention	one_crashed_n5	push_c2_healthy	lag_t65_bytes	1948928.000000
retention	one_crashed_n5	push_c2_healthy	lag_t70_bytes	2247592.000000
retention	one_crashed_n5	push_c2_healthy	lag_t75_bytes	2544360.000000
retention	one_crashed_n5	push_c2_healthy	lag_t80_bytes	2834296.000000
retention	one_crashed_n5	push_c2_healthy	lag_t85_bytes	3154160.000000
retention	one_crashed_n5	push_c2_healthy	lag_t90_bytes	3463456.000000
retention	one_crashed_n5	push_c2_healthy	lag_end_bytes	3463456.000000
retention	one_crashed_n5	push_c2_healthy	lag_max_bytes	3463456.000000
retention	one_crashed_n5	push_c3_healthy	lag_t0_bytes	56.000000
retention	one_crashed_n5	push_c3_healthy	lag_t5_bytes	43656.000000
retention	one_crashed_n5	push_c3_healthy	lag_t10_bytes	127440.000000
retention	one_crashed_n5	push_c3_healthy	lag_t15_bytes	208104.000000
retention	one_crashed_n5	push_c3_healthy	lag_t20_bytes	303848.000000
retention	one_crashed_n5	push_c3_healthy	lag_t25_bytes	382408.000000
retention	one_crashed_n5	push_c3_healthy	lag_t30_bytes	465984.000000
retention	one_crashed_n5	push_c3_healthy	lag_t35_bytes	550264.000000
retention	one_crashed_n5	push_c3_healthy	lag_t40_bytes	632384.000000
retention	one_crashed_n5	push_c3_healthy	lag_t45_bytes	755528.000000
retention	one_crashed_n5	push_c3_healthy	lag_t50_bytes	1052352.000000
retention	one_crashed_n5	push_c3_healthy	lag_t55_bytes	1350816.000000
retention	one_crashed_n5	push_c3_healthy	lag_t60_bytes	1656024.000000
retention	one_crashed_n5	push_c3_healthy	lag_t65_bytes	1948872.000000
retention	one_crashed_n5	push_c3_healthy	lag_t70_bytes	2247536.000000
retention	one_crashed_n5	push_c3_healthy	lag_t75_bytes	2544304.000000
retention	one_crashed_n5	push_c3_healthy	lag_t80_bytes	2834240.000000
retention	one_crashed_n5	push_c3_healthy	lag_t85_bytes	3154104.000000
retention	one_crashed_n5	push_c3_healthy	lag_t90_bytes	3463400.000000
retention	one_crashed_n5	push_c3_healthy	lag_end_bytes	3463400.000000
retention	one_crashed_n5	push_c3_healthy	lag_max_bytes	3463400.000000
retention	one_crashed_n5	push_c4_healthy	lag_t0_bytes	0.000000
retention	one_crashed_n5	push_c4_healthy	lag_t5_bytes	43600.000000
retention	one_crashed_n5	push_c4_healthy	lag_t10_bytes	127384.000000
retention	one_crashed_n5	push_c4_healthy	lag_t15_bytes	208048.000000
retention	one_crashed_n5	push_c4_healthy	lag_t20_bytes	303792.000000
retention	one_crashed_n5	push_c4_healthy	lag_t25_bytes	382352.000000
retention	one_crashed_n5	push_c4_healthy	lag_t30_bytes	465928.000000
retention	one_crashed_n5	push_c4_healthy	lag_t35_bytes	550208.000000
retention	one_crashed_n5	push_c4_healthy	lag_t40_bytes	632328.000000
retention	one_crashed_n5	push_c4_healthy	lag_t45_bytes	755472.000000
retention	one_crashed_n5	push_c4_healthy	lag_t50_bytes	1052296.000000
retention	one_crashed_n5	push_c4_healthy	lag_t55_bytes	1350760.000000
retention	one_crashed_n5	push_c4_healthy	lag_t60_bytes	1655968.000000
retention	one_crashed_n5	push_c4_healthy	lag_t65_bytes	1948816.000000
retention	one_crashed_n5	push_c4_healthy	lag_t70_bytes	2247480.000000
retention	one_crashed_n5	push_c4_healthy	lag_t75_bytes	2544248.000000
retention	one_crashed_n5	push_c4_healthy	lag_t80_bytes	2834184.000000
retention	one_crashed_n5	push_c4_healthy	lag_t85_bytes	3154048.000000
retention	one_crashed_n5	push_c4_healthy	lag_t90_bytes	3463344.000000
retention	one_crashed_n5	push_c4_healthy	lag_end_bytes	3463344.000000
retention	one_crashed_n5	push_c4_healthy	lag_max_bytes	3463344.000000
retention	one_crashed_n5	poll@100ms_c0_crashed	lag_t0_bytes	0.000000
retention	one_crashed_n5	poll@100ms_c0_crashed	lag_t5_bytes	2656.000000
retention	one_crashed_n5	poll@100ms_c0_crashed	lag_t10_bytes	2288.000000
retention	one_crashed_n5	poll@100ms_c0_crashed	lag_t15_bytes	2288.000000
retention	one_crashed_n5	poll@100ms_c0_crashed	lag_t20_bytes	416.000000
retention	one_crashed_n5	poll@100ms_c0_crashed	lag_t25_bytes	624.000000
retention	one_crashed_n5	poll@100ms_c0_crashed	lag_t30_bytes	648.000000
retention	one_crashed_n5	poll@100ms_c0_crashed	lag_t35_bytes	59040.000000
retention	one_crashed_n5	poll@100ms_c0_crashed	lag_t40_bytes	128632.000000
retention	one_crashed_n5	poll@100ms_c0_crashed	lag_t45_bytes	185376.000000
retention	one_crashed_n5	poll@100ms_c0_crashed	lag_t50_bytes	243560.000000
retention	one_crashed_n5	poll@100ms_c0_crashed	lag_t55_bytes	302104.000000
retention	one_crashed_n5	poll@100ms_c0_crashed	lag_t60_bytes	361712.000000
retention	one_crashed_n5	poll@100ms_c0_crashed	lag_t65_bytes	412840.000000
retention	one_crashed_n5	poll@100ms_c0_crashed	lag_t70_bytes	445104.000000
retention	one_crashed_n5	poll@100ms_c0_crashed	lag_t75_bytes	476816.000000
retention	one_crashed_n5	poll@100ms_c0_crashed	lag_t80_bytes	508280.000000
retention	one_crashed_n5	poll@100ms_c0_crashed	lag_t85_bytes	540200.000000
retention	one_crashed_n5	poll@100ms_c0_crashed	lag_t90_bytes	571912.000000
retention	one_crashed_n5	poll@100ms_c0_crashed	lag_end_bytes	571912.000000
retention	one_crashed_n5	poll@100ms_c0_crashed	lag_max_bytes	571912.000000
retention	one_crashed_n5	poll@100ms_c1_healthy	lag_t0_bytes	0.000000
retention	one_crashed_n5	poll@100ms_c1_healthy	lag_t5_bytes	2240.000000
retention	one_crashed_n5	poll@100ms_c1_healthy	lag_t10_bytes	1872.000000
retention	one_crashed_n5	poll@100ms_c1_healthy	lag_t15_bytes	1872.000000
retention	one_crashed_n5	poll@100ms_c1_healthy	lag_t20_bytes	416.000000
retention	one_crashed_n5	poll@100ms_c1_healthy	lag_t25_bytes	416.000000
retention	one_crashed_n5	poll@100ms_c1_healthy	lag_t30_bytes	440.000000
retention	one_crashed_n5	poll@100ms_c1_healthy	lag_t35_bytes	1248.000000
retention	one_crashed_n5	poll@100ms_c1_healthy	lag_t40_bytes	416.000000
retention	one_crashed_n5	poll@100ms_c1_healthy	lag_t45_bytes	832.000000
retention	one_crashed_n5	poll@100ms_c1_healthy	lag_t50_bytes	416.000000
retention	one_crashed_n5	poll@100ms_c1_healthy	lag_t55_bytes	416.000000
retention	one_crashed_n5	poll@100ms_c1_healthy	lag_t60_bytes	624.000000
retention	one_crashed_n5	poll@100ms_c1_healthy	lag_t65_bytes	416.000000
retention	one_crashed_n5	poll@100ms_c1_healthy	lag_t70_bytes	624.000000
retention	one_crashed_n5	poll@100ms_c1_healthy	lag_t75_bytes	624.000000
retention	one_crashed_n5	poll@100ms_c1_healthy	lag_t80_bytes	1384.000000
retention	one_crashed_n5	poll@100ms_c1_healthy	lag_t85_bytes	624.000000
retention	one_crashed_n5	poll@100ms_c1_healthy	lag_t90_bytes	624.000000
retention	one_crashed_n5	poll@100ms_c1_healthy	lag_end_bytes	624.000000
retention	one_crashed_n5	poll@100ms_c1_healthy	lag_max_bytes	2240.000000
retention	one_crashed_n5	poll@100ms_c2_healthy	lag_t0_bytes	0.000000
retention	one_crashed_n5	poll@100ms_c2_healthy	lag_t5_bytes	1824.000000
retention	one_crashed_n5	poll@100ms_c2_healthy	lag_t10_bytes	1456.000000
retention	one_crashed_n5	poll@100ms_c2_healthy	lag_t15_bytes	1456.000000
retention	one_crashed_n5	poll@100ms_c2_healthy	lag_t20_bytes	416.000000
retention	one_crashed_n5	poll@100ms_c2_healthy	lag_t25_bytes	416.000000
retention	one_crashed_n5	poll@100ms_c2_healthy	lag_t30_bytes	440.000000
retention	one_crashed_n5	poll@100ms_c2_healthy	lag_t35_bytes	2520.000000
retention	one_crashed_n5	poll@100ms_c2_healthy	lag_t40_bytes	1040.000000
retention	one_crashed_n5	poll@100ms_c2_healthy	lag_t45_bytes	1248.000000
retention	one_crashed_n5	poll@100ms_c2_healthy	lag_t50_bytes	416.000000
retention	one_crashed_n5	poll@100ms_c2_healthy	lag_t55_bytes	208.000000
retention	one_crashed_n5	poll@100ms_c2_healthy	lag_t60_bytes	416.000000
retention	one_crashed_n5	poll@100ms_c2_healthy	lag_t65_bytes	416.000000
retention	one_crashed_n5	poll@100ms_c2_healthy	lag_t70_bytes	624.000000
retention	one_crashed_n5	poll@100ms_c2_healthy	lag_t75_bytes	624.000000
retention	one_crashed_n5	poll@100ms_c2_healthy	lag_t80_bytes	0.000000
retention	one_crashed_n5	poll@100ms_c2_healthy	lag_t85_bytes	208.000000
retention	one_crashed_n5	poll@100ms_c2_healthy	lag_t90_bytes	624.000000
retention	one_crashed_n5	poll@100ms_c2_healthy	lag_end_bytes	624.000000
retention	one_crashed_n5	poll@100ms_c2_healthy	lag_max_bytes	2520.000000
retention	one_crashed_n5	poll@100ms_c3_healthy	lag_t0_bytes	0.000000
retention	one_crashed_n5	poll@100ms_c3_healthy	lag_t5_bytes	624.000000
retention	one_crashed_n5	poll@100ms_c3_healthy	lag_t10_bytes	1040.000000
retention	one_crashed_n5	poll@100ms_c3_healthy	lag_t15_bytes	1040.000000
retention	one_crashed_n5	poll@100ms_c3_healthy	lag_t20_bytes	208.000000
retention	one_crashed_n5	poll@100ms_c3_healthy	lag_t25_bytes	416.000000
retention	one_crashed_n5	poll@100ms_c3_healthy	lag_t30_bytes	208.000000
retention	one_crashed_n5	poll@100ms_c3_healthy	lag_t35_bytes	2104.000000
retention	one_crashed_n5	poll@100ms_c3_healthy	lag_t40_bytes	624.000000
retention	one_crashed_n5	poll@100ms_c3_healthy	lag_t45_bytes	1040.000000
retention	one_crashed_n5	poll@100ms_c3_healthy	lag_t50_bytes	208.000000
retention	one_crashed_n5	poll@100ms_c3_healthy	lag_t55_bytes	1456.000000
retention	one_crashed_n5	poll@100ms_c3_healthy	lag_t60_bytes	208.000000
retention	one_crashed_n5	poll@100ms_c3_healthy	lag_t65_bytes	0.000000
retention	one_crashed_n5	poll@100ms_c3_healthy	lag_t70_bytes	208.000000
retention	one_crashed_n5	poll@100ms_c3_healthy	lag_t75_bytes	208.000000
retention	one_crashed_n5	poll@100ms_c3_healthy	lag_t80_bytes	208.000000
retention	one_crashed_n5	poll@100ms_c3_healthy	lag_t85_bytes	208.000000
retention	one_crashed_n5	poll@100ms_c3_healthy	lag_t90_bytes	208.000000
retention	one_crashed_n5	poll@100ms_c3_healthy	lag_end_bytes	208.000000
retention	one_crashed_n5	poll@100ms_c3_healthy	lag_max_bytes	2104.000000
retention	one_crashed_n5	poll@100ms_c4_healthy	lag_t0_bytes	0.000000
retention	one_crashed_n5	poll@100ms_c4_healthy	lag_t5_bytes	208.000000
retention	one_crashed_n5	poll@100ms_c4_healthy	lag_t10_bytes	624.000000
retention	one_crashed_n5	poll@100ms_c4_healthy	lag_t15_bytes	624.000000
retention	one_crashed_n5	poll@100ms_c4_healthy	lag_t20_bytes	208.000000
retention	one_crashed_n5	poll@100ms_c4_healthy	lag_t25_bytes	208.000000
retention	one_crashed_n5	poll@100ms_c4_healthy	lag_t30_bytes	208.000000
retention	one_crashed_n5	poll@100ms_c4_healthy	lag_t35_bytes	2312.000000
retention	one_crashed_n5	poll@100ms_c4_healthy	lag_t40_bytes	1040.000000
retention	one_crashed_n5	poll@100ms_c4_healthy	lag_t45_bytes	1248.000000
retention	one_crashed_n5	poll@100ms_c4_healthy	lag_t50_bytes	416.000000
retention	one_crashed_n5	poll@100ms_c4_healthy	lag_t55_bytes	208.000000
retention	one_crashed_n5	poll@100ms_c4_healthy	lag_t60_bytes	416.000000
retention	one_crashed_n5	poll@100ms_c4_healthy	lag_t65_bytes	416.000000
retention	one_crashed_n5	poll@100ms_c4_healthy	lag_t70_bytes	624.000000
retention	one_crashed_n5	poll@100ms_c4_healthy	lag_t75_bytes	624.000000
retention	one_crashed_n5	poll@100ms_c4_healthy	lag_t80_bytes	0.000000
retention	one_crashed_n5	poll@100ms_c4_healthy	lag_t85_bytes	208.000000
retention	one_crashed_n5	poll@100ms_c4_healthy	lag_t90_bytes	208.000000
retention	one_crashed_n5	poll@100ms_c4_healthy	lag_end_bytes	208.000000
retention	one_crashed_n5	poll@100ms_c4_healthy	lag_max_bytes	2312.000000
retention	one_crashed_n30	push_c0_crashed	lag_t0_bytes	1680.000000
retention	one_crashed_n30	push_c0_crashed	lag_t5_bytes	19000.000000
retention	one_crashed_n30	push_c0_crashed	lag_t10_bytes	35480.000000
retention	one_crashed_n30	push_c0_crashed	lag_t15_bytes	51752.000000
retention	one_crashed_n30	push_c0_crashed	lag_t20_bytes	68440.000000
retention	one_crashed_n30	push_c0_crashed	lag_t25_bytes	93664.000000
retention	one_crashed_n30	push_c0_crashed	lag_t30_bytes	122440.000000
retention	one_crashed_n30	push_c0_crashed	lag_t35_bytes	150408.000000
retention	one_crashed_n30	push_c0_crashed	lag_t40_bytes	169992.000000
retention	one_crashed_n30	push_c0_crashed	lag_t45_bytes	186056.000000
retention	one_crashed_n30	push_c0_crashed	lag_t50_bytes	202536.000000
retention	one_crashed_n30	push_c0_crashed	lag_t55_bytes	218600.000000
retention	one_crashed_n30	push_c0_crashed	lag_t60_bytes	234928.000000
retention	one_crashed_n30	push_c0_crashed	lag_t65_bytes	267480.000000
retention	one_crashed_n30	push_c0_crashed	lag_t70_bytes	284168.000000
retention	one_crashed_n30	push_c0_crashed	lag_t75_bytes	314216.000000
retention	one_crashed_n30	push_c0_crashed	lag_t80_bytes	333664.000000
retention	one_crashed_n30	push_c0_crashed	lag_t85_bytes	350904.000000
retention	one_crashed_n30	push_c0_crashed	lag_t90_bytes	367384.000000
retention	one_crashed_n30	push_c0_crashed	lag_end_bytes	367384.000000
retention	one_crashed_n30	push_c0_crashed	lag_max_bytes	367384.000000
retention	one_crashed_n30	push_c1_healthy	lag_t0_bytes	1624.000000
retention	one_crashed_n30	push_c1_healthy	lag_t5_bytes	18944.000000
retention	one_crashed_n30	push_c1_healthy	lag_t10_bytes	35424.000000
retention	one_crashed_n30	push_c1_healthy	lag_t15_bytes	51696.000000
retention	one_crashed_n30	push_c1_healthy	lag_t20_bytes	68384.000000
retention	one_crashed_n30	push_c1_healthy	lag_t25_bytes	93608.000000
retention	one_crashed_n30	push_c1_healthy	lag_t30_bytes	122384.000000
retention	one_crashed_n30	push_c1_healthy	lag_t35_bytes	150352.000000
retention	one_crashed_n30	push_c1_healthy	lag_t40_bytes	169936.000000
retention	one_crashed_n30	push_c1_healthy	lag_t45_bytes	186000.000000
retention	one_crashed_n30	push_c1_healthy	lag_t50_bytes	202480.000000
retention	one_crashed_n30	push_c1_healthy	lag_t55_bytes	218544.000000
retention	one_crashed_n30	push_c1_healthy	lag_t60_bytes	234872.000000
retention	one_crashed_n30	push_c1_healthy	lag_t65_bytes	267424.000000
retention	one_crashed_n30	push_c1_healthy	lag_t70_bytes	284112.000000
retention	one_crashed_n30	push_c1_healthy	lag_t75_bytes	314160.000000
retention	one_crashed_n30	push_c1_healthy	lag_t80_bytes	333608.000000
retention	one_crashed_n30	push_c1_healthy	lag_t85_bytes	350848.000000
retention	one_crashed_n30	push_c1_healthy	lag_t90_bytes	367328.000000
retention	one_crashed_n30	push_c1_healthy	lag_end_bytes	367328.000000
retention	one_crashed_n30	push_c1_healthy	lag_max_bytes	367328.000000
retention	one_crashed_n30	push_c2_healthy	lag_t0_bytes	1568.000000
retention	one_crashed_n30	push_c2_healthy	lag_t5_bytes	18888.000000
retention	one_crashed_n30	push_c2_healthy	lag_t10_bytes	35368.000000
retention	one_crashed_n30	push_c2_healthy	lag_t15_bytes	51640.000000
retention	one_crashed_n30	push_c2_healthy	lag_t20_bytes	68328.000000
retention	one_crashed_n30	push_c2_healthy	lag_t25_bytes	93552.000000
retention	one_crashed_n30	push_c2_healthy	lag_t30_bytes	122328.000000
retention	one_crashed_n30	push_c2_healthy	lag_t35_bytes	150296.000000
retention	one_crashed_n30	push_c2_healthy	lag_t40_bytes	169880.000000
retention	one_crashed_n30	push_c2_healthy	lag_t45_bytes	185944.000000
retention	one_crashed_n30	push_c2_healthy	lag_t50_bytes	202424.000000
retention	one_crashed_n30	push_c2_healthy	lag_t55_bytes	218488.000000
retention	one_crashed_n30	push_c2_healthy	lag_t60_bytes	234816.000000
retention	one_crashed_n30	push_c2_healthy	lag_t65_bytes	267368.000000
retention	one_crashed_n30	push_c2_healthy	lag_t70_bytes	284056.000000
retention	one_crashed_n30	push_c2_healthy	lag_t75_bytes	314104.000000
retention	one_crashed_n30	push_c2_healthy	lag_t80_bytes	333552.000000
retention	one_crashed_n30	push_c2_healthy	lag_t85_bytes	350792.000000
retention	one_crashed_n30	push_c2_healthy	lag_t90_bytes	367272.000000
retention	one_crashed_n30	push_c2_healthy	lag_end_bytes	367272.000000
retention	one_crashed_n30	push_c2_healthy	lag_max_bytes	367272.000000
retention	one_crashed_n30	push_c3_healthy	lag_t0_bytes	1512.000000
retention	one_crashed_n30	push_c3_healthy	lag_t5_bytes	18832.000000
retention	one_crashed_n30	push_c3_healthy	lag_t10_bytes	35312.000000
retention	one_crashed_n30	push_c3_healthy	lag_t15_bytes	51584.000000
retention	one_crashed_n30	push_c3_healthy	lag_t20_bytes	68272.000000
retention	one_crashed_n30	push_c3_healthy	lag_t25_bytes	93496.000000
retention	one_crashed_n30	push_c3_healthy	lag_t30_bytes	122272.000000
retention	one_crashed_n30	push_c3_healthy	lag_t35_bytes	150240.000000
retention	one_crashed_n30	push_c3_healthy	lag_t40_bytes	169824.000000
retention	one_crashed_n30	push_c3_healthy	lag_t45_bytes	185888.000000
retention	one_crashed_n30	push_c3_healthy	lag_t50_bytes	202368.000000
retention	one_crashed_n30	push_c3_healthy	lag_t55_bytes	218432.000000
retention	one_crashed_n30	push_c3_healthy	lag_t60_bytes	234760.000000
retention	one_crashed_n30	push_c3_healthy	lag_t65_bytes	267312.000000
retention	one_crashed_n30	push_c3_healthy	lag_t70_bytes	284000.000000
retention	one_crashed_n30	push_c3_healthy	lag_t75_bytes	314048.000000
retention	one_crashed_n30	push_c3_healthy	lag_t80_bytes	333496.000000
retention	one_crashed_n30	push_c3_healthy	lag_t85_bytes	350736.000000
retention	one_crashed_n30	push_c3_healthy	lag_t90_bytes	367216.000000
retention	one_crashed_n30	push_c3_healthy	lag_end_bytes	367216.000000
retention	one_crashed_n30	push_c3_healthy	lag_max_bytes	367216.000000
retention	one_crashed_n30	push_c4_healthy	lag_t0_bytes	1456.000000
retention	one_crashed_n30	push_c4_healthy	lag_t5_bytes	18776.000000
retention	one_crashed_n30	push_c4_healthy	lag_t10_bytes	35256.000000
retention	one_crashed_n30	push_c4_healthy	lag_t15_bytes	51528.000000
retention	one_crashed_n30	push_c4_healthy	lag_t20_bytes	68216.000000
retention	one_crashed_n30	push_c4_healthy	lag_t25_bytes	93440.000000
retention	one_crashed_n30	push_c4_healthy	lag_t30_bytes	122216.000000
retention	one_crashed_n30	push_c4_healthy	lag_t35_bytes	150184.000000
retention	one_crashed_n30	push_c4_healthy	lag_t40_bytes	169768.000000
retention	one_crashed_n30	push_c4_healthy	lag_t45_bytes	185832.000000
retention	one_crashed_n30	push_c4_healthy	lag_t50_bytes	202312.000000
retention	one_crashed_n30	push_c4_healthy	lag_t55_bytes	218376.000000
retention	one_crashed_n30	push_c4_healthy	lag_t60_bytes	234704.000000
retention	one_crashed_n30	push_c4_healthy	lag_t65_bytes	267256.000000
retention	one_crashed_n30	push_c4_healthy	lag_t70_bytes	283944.000000
retention	one_crashed_n30	push_c4_healthy	lag_t75_bytes	313992.000000
retention	one_crashed_n30	push_c4_healthy	lag_t80_bytes	333440.000000
retention	one_crashed_n30	push_c4_healthy	lag_t85_bytes	350680.000000
retention	one_crashed_n30	push_c4_healthy	lag_t90_bytes	367160.000000
retention	one_crashed_n30	push_c4_healthy	lag_end_bytes	367160.000000
retention	one_crashed_n30	push_c4_healthy	lag_max_bytes	367160.000000
retention	one_crashed_n30	push_c5_healthy	lag_t0_bytes	1400.000000
retention	one_crashed_n30	push_c5_healthy	lag_t5_bytes	18720.000000
retention	one_crashed_n30	push_c5_healthy	lag_t10_bytes	35200.000000
retention	one_crashed_n30	push_c5_healthy	lag_t15_bytes	51472.000000
retention	one_crashed_n30	push_c5_healthy	lag_t20_bytes	68160.000000
retention	one_crashed_n30	push_c5_healthy	lag_t25_bytes	93384.000000
retention	one_crashed_n30	push_c5_healthy	lag_t30_bytes	122160.000000
retention	one_crashed_n30	push_c5_healthy	lag_t35_bytes	150128.000000
retention	one_crashed_n30	push_c5_healthy	lag_t40_bytes	169712.000000
retention	one_crashed_n30	push_c5_healthy	lag_t45_bytes	185776.000000
retention	one_crashed_n30	push_c5_healthy	lag_t50_bytes	202256.000000
retention	one_crashed_n30	push_c5_healthy	lag_t55_bytes	218320.000000
retention	one_crashed_n30	push_c5_healthy	lag_t60_bytes	234648.000000
retention	one_crashed_n30	push_c5_healthy	lag_t65_bytes	267200.000000
retention	one_crashed_n30	push_c5_healthy	lag_t70_bytes	283888.000000
retention	one_crashed_n30	push_c5_healthy	lag_t75_bytes	313936.000000
retention	one_crashed_n30	push_c5_healthy	lag_t80_bytes	333384.000000
retention	one_crashed_n30	push_c5_healthy	lag_t85_bytes	350624.000000
retention	one_crashed_n30	push_c5_healthy	lag_t90_bytes	367104.000000
retention	one_crashed_n30	push_c5_healthy	lag_end_bytes	367104.000000
retention	one_crashed_n30	push_c5_healthy	lag_max_bytes	367104.000000
retention	one_crashed_n30	push_c6_healthy	lag_t0_bytes	1344.000000
retention	one_crashed_n30	push_c6_healthy	lag_t5_bytes	18664.000000
retention	one_crashed_n30	push_c6_healthy	lag_t10_bytes	35144.000000
retention	one_crashed_n30	push_c6_healthy	lag_t15_bytes	51416.000000
retention	one_crashed_n30	push_c6_healthy	lag_t20_bytes	68104.000000
retention	one_crashed_n30	push_c6_healthy	lag_t25_bytes	93328.000000
retention	one_crashed_n30	push_c6_healthy	lag_t30_bytes	122104.000000
retention	one_crashed_n30	push_c6_healthy	lag_t35_bytes	150072.000000
retention	one_crashed_n30	push_c6_healthy	lag_t40_bytes	169656.000000
retention	one_crashed_n30	push_c6_healthy	lag_t45_bytes	185720.000000
retention	one_crashed_n30	push_c6_healthy	lag_t50_bytes	202200.000000
retention	one_crashed_n30	push_c6_healthy	lag_t55_bytes	218264.000000
retention	one_crashed_n30	push_c6_healthy	lag_t60_bytes	234592.000000
retention	one_crashed_n30	push_c6_healthy	lag_t65_bytes	267144.000000
retention	one_crashed_n30	push_c6_healthy	lag_t70_bytes	283832.000000
retention	one_crashed_n30	push_c6_healthy	lag_t75_bytes	313880.000000
retention	one_crashed_n30	push_c6_healthy	lag_t80_bytes	333328.000000
retention	one_crashed_n30	push_c6_healthy	lag_t85_bytes	350568.000000
retention	one_crashed_n30	push_c6_healthy	lag_t90_bytes	367048.000000
retention	one_crashed_n30	push_c6_healthy	lag_end_bytes	367048.000000
retention	one_crashed_n30	push_c6_healthy	lag_max_bytes	367048.000000
retention	one_crashed_n30	push_c7_healthy	lag_t0_bytes	1288.000000
retention	one_crashed_n30	push_c7_healthy	lag_t5_bytes	18608.000000
retention	one_crashed_n30	push_c7_healthy	lag_t10_bytes	35088.000000
retention	one_crashed_n30	push_c7_healthy	lag_t15_bytes	51360.000000
retention	one_crashed_n30	push_c7_healthy	lag_t20_bytes	68048.000000
retention	one_crashed_n30	push_c7_healthy	lag_t25_bytes	93272.000000
retention	one_crashed_n30	push_c7_healthy	lag_t30_bytes	122048.000000
retention	one_crashed_n30	push_c7_healthy	lag_t35_bytes	150016.000000
retention	one_crashed_n30	push_c7_healthy	lag_t40_bytes	169600.000000
retention	one_crashed_n30	push_c7_healthy	lag_t45_bytes	185664.000000
retention	one_crashed_n30	push_c7_healthy	lag_t50_bytes	202144.000000
retention	one_crashed_n30	push_c7_healthy	lag_t55_bytes	218208.000000
retention	one_crashed_n30	push_c7_healthy	lag_t60_bytes	234536.000000
retention	one_crashed_n30	push_c7_healthy	lag_t65_bytes	267088.000000
retention	one_crashed_n30	push_c7_healthy	lag_t70_bytes	283776.000000
retention	one_crashed_n30	push_c7_healthy	lag_t75_bytes	313824.000000
retention	one_crashed_n30	push_c7_healthy	lag_t80_bytes	333272.000000
retention	one_crashed_n30	push_c7_healthy	lag_t85_bytes	350512.000000
retention	one_crashed_n30	push_c7_healthy	lag_t90_bytes	366992.000000
retention	one_crashed_n30	push_c7_healthy	lag_end_bytes	366992.000000
retention	one_crashed_n30	push_c7_healthy	lag_max_bytes	366992.000000
retention	one_crashed_n30	push_c8_healthy	lag_t0_bytes	1232.000000
retention	one_crashed_n30	push_c8_healthy	lag_t5_bytes	18552.000000
retention	one_crashed_n30	push_c8_healthy	lag_t10_bytes	35032.000000
retention	one_crashed_n30	push_c8_healthy	lag_t15_bytes	51304.000000
retention	one_crashed_n30	push_c8_healthy	lag_t20_bytes	67992.000000
retention	one_crashed_n30	push_c8_healthy	lag_t25_bytes	93216.000000
retention	one_crashed_n30	push_c8_healthy	lag_t30_bytes	121992.000000
retention	one_crashed_n30	push_c8_healthy	lag_t35_bytes	149960.000000
retention	one_crashed_n30	push_c8_healthy	lag_t40_bytes	169544.000000
retention	one_crashed_n30	push_c8_healthy	lag_t45_bytes	185608.000000
retention	one_crashed_n30	push_c8_healthy	lag_t50_bytes	202088.000000
retention	one_crashed_n30	push_c8_healthy	lag_t55_bytes	218152.000000
retention	one_crashed_n30	push_c8_healthy	lag_t60_bytes	234480.000000
retention	one_crashed_n30	push_c8_healthy	lag_t65_bytes	267032.000000
retention	one_crashed_n30	push_c8_healthy	lag_t70_bytes	283720.000000
retention	one_crashed_n30	push_c8_healthy	lag_t75_bytes	313768.000000
retention	one_crashed_n30	push_c8_healthy	lag_t80_bytes	333216.000000
retention	one_crashed_n30	push_c8_healthy	lag_t85_bytes	350456.000000
retention	one_crashed_n30	push_c8_healthy	lag_t90_bytes	366936.000000
retention	one_crashed_n30	push_c8_healthy	lag_end_bytes	366936.000000
retention	one_crashed_n30	push_c8_healthy	lag_max_bytes	366936.000000
retention	one_crashed_n30	push_c9_healthy	lag_t0_bytes	1176.000000
retention	one_crashed_n30	push_c9_healthy	lag_t5_bytes	18496.000000
retention	one_crashed_n30	push_c9_healthy	lag_t10_bytes	34976.000000
retention	one_crashed_n30	push_c9_healthy	lag_t15_bytes	51248.000000
retention	one_crashed_n30	push_c9_healthy	lag_t20_bytes	67936.000000
retention	one_crashed_n30	push_c9_healthy	lag_t25_bytes	93160.000000
retention	one_crashed_n30	push_c9_healthy	lag_t30_bytes	121936.000000
retention	one_crashed_n30	push_c9_healthy	lag_t35_bytes	149904.000000
retention	one_crashed_n30	push_c9_healthy	lag_t40_bytes	169488.000000
retention	one_crashed_n30	push_c9_healthy	lag_t45_bytes	185552.000000
retention	one_crashed_n30	push_c9_healthy	lag_t50_bytes	202032.000000
retention	one_crashed_n30	push_c9_healthy	lag_t55_bytes	218096.000000
retention	one_crashed_n30	push_c9_healthy	lag_t60_bytes	234424.000000
retention	one_crashed_n30	push_c9_healthy	lag_t65_bytes	266976.000000
retention	one_crashed_n30	push_c9_healthy	lag_t70_bytes	283664.000000
retention	one_crashed_n30	push_c9_healthy	lag_t75_bytes	313712.000000
retention	one_crashed_n30	push_c9_healthy	lag_t80_bytes	333160.000000
retention	one_crashed_n30	push_c9_healthy	lag_t85_bytes	350400.000000
retention	one_crashed_n30	push_c9_healthy	lag_t90_bytes	366880.000000
retention	one_crashed_n30	push_c9_healthy	lag_end_bytes	366880.000000
retention	one_crashed_n30	push_c9_healthy	lag_max_bytes	366880.000000
retention	one_crashed_n30	push_c10_healthy	lag_t0_bytes	1120.000000
retention	one_crashed_n30	push_c10_healthy	lag_t5_bytes	18440.000000
retention	one_crashed_n30	push_c10_healthy	lag_t10_bytes	34920.000000
retention	one_crashed_n30	push_c10_healthy	lag_t15_bytes	51192.000000
retention	one_crashed_n30	push_c10_healthy	lag_t20_bytes	67880.000000
retention	one_crashed_n30	push_c10_healthy	lag_t25_bytes	93104.000000
retention	one_crashed_n30	push_c10_healthy	lag_t30_bytes	121880.000000
retention	one_crashed_n30	push_c10_healthy	lag_t35_bytes	149848.000000
retention	one_crashed_n30	push_c10_healthy	lag_t40_bytes	169432.000000
retention	one_crashed_n30	push_c10_healthy	lag_t45_bytes	185496.000000
retention	one_crashed_n30	push_c10_healthy	lag_t50_bytes	201976.000000
retention	one_crashed_n30	push_c10_healthy	lag_t55_bytes	218040.000000
retention	one_crashed_n30	push_c10_healthy	lag_t60_bytes	234368.000000
retention	one_crashed_n30	push_c10_healthy	lag_t65_bytes	266920.000000
retention	one_crashed_n30	push_c10_healthy	lag_t70_bytes	283608.000000
retention	one_crashed_n30	push_c10_healthy	lag_t75_bytes	313656.000000
retention	one_crashed_n30	push_c10_healthy	lag_t80_bytes	333104.000000
retention	one_crashed_n30	push_c10_healthy	lag_t85_bytes	350344.000000
retention	one_crashed_n30	push_c10_healthy	lag_t90_bytes	366824.000000
retention	one_crashed_n30	push_c10_healthy	lag_end_bytes	366824.000000
retention	one_crashed_n30	push_c10_healthy	lag_max_bytes	366824.000000
retention	one_crashed_n30	push_c11_healthy	lag_t0_bytes	1064.000000
retention	one_crashed_n30	push_c11_healthy	lag_t5_bytes	18384.000000
retention	one_crashed_n30	push_c11_healthy	lag_t10_bytes	34864.000000
retention	one_crashed_n30	push_c11_healthy	lag_t15_bytes	51136.000000
retention	one_crashed_n30	push_c11_healthy	lag_t20_bytes	67824.000000
retention	one_crashed_n30	push_c11_healthy	lag_t25_bytes	93048.000000
retention	one_crashed_n30	push_c11_healthy	lag_t30_bytes	121824.000000
retention	one_crashed_n30	push_c11_healthy	lag_t35_bytes	149792.000000
retention	one_crashed_n30	push_c11_healthy	lag_t40_bytes	169376.000000
retention	one_crashed_n30	push_c11_healthy	lag_t45_bytes	185440.000000
retention	one_crashed_n30	push_c11_healthy	lag_t50_bytes	201920.000000
retention	one_crashed_n30	push_c11_healthy	lag_t55_bytes	217984.000000
retention	one_crashed_n30	push_c11_healthy	lag_t60_bytes	234312.000000
retention	one_crashed_n30	push_c11_healthy	lag_t65_bytes	266864.000000
retention	one_crashed_n30	push_c11_healthy	lag_t70_bytes	283552.000000
retention	one_crashed_n30	push_c11_healthy	lag_t75_bytes	313600.000000
retention	one_crashed_n30	push_c11_healthy	lag_t80_bytes	333048.000000
retention	one_crashed_n30	push_c11_healthy	lag_t85_bytes	350288.000000
retention	one_crashed_n30	push_c11_healthy	lag_t90_bytes	366768.000000
retention	one_crashed_n30	push_c11_healthy	lag_end_bytes	366768.000000
retention	one_crashed_n30	push_c11_healthy	lag_max_bytes	366768.000000
retention	one_crashed_n30	push_c12_healthy	lag_t0_bytes	1008.000000
retention	one_crashed_n30	push_c12_healthy	lag_t5_bytes	18328.000000
retention	one_crashed_n30	push_c12_healthy	lag_t10_bytes	34808.000000
retention	one_crashed_n30	push_c12_healthy	lag_t15_bytes	51080.000000
retention	one_crashed_n30	push_c12_healthy	lag_t20_bytes	67768.000000
retention	one_crashed_n30	push_c12_healthy	lag_t25_bytes	92992.000000
retention	one_crashed_n30	push_c12_healthy	lag_t30_bytes	121768.000000
retention	one_crashed_n30	push_c12_healthy	lag_t35_bytes	149736.000000
retention	one_crashed_n30	push_c12_healthy	lag_t40_bytes	169320.000000
retention	one_crashed_n30	push_c12_healthy	lag_t45_bytes	185384.000000
retention	one_crashed_n30	push_c12_healthy	lag_t50_bytes	201864.000000
retention	one_crashed_n30	push_c12_healthy	lag_t55_bytes	217928.000000
retention	one_crashed_n30	push_c12_healthy	lag_t60_bytes	234256.000000
retention	one_crashed_n30	push_c12_healthy	lag_t65_bytes	266808.000000
retention	one_crashed_n30	push_c12_healthy	lag_t70_bytes	283496.000000
retention	one_crashed_n30	push_c12_healthy	lag_t75_bytes	313544.000000
retention	one_crashed_n30	push_c12_healthy	lag_t80_bytes	332992.000000
retention	one_crashed_n30	push_c12_healthy	lag_t85_bytes	350232.000000
retention	one_crashed_n30	push_c12_healthy	lag_t90_bytes	366712.000000
retention	one_crashed_n30	push_c12_healthy	lag_end_bytes	366712.000000
retention	one_crashed_n30	push_c12_healthy	lag_max_bytes	366712.000000
retention	one_crashed_n30	push_c13_healthy	lag_t0_bytes	952.000000
retention	one_crashed_n30	push_c13_healthy	lag_t5_bytes	18272.000000
retention	one_crashed_n30	push_c13_healthy	lag_t10_bytes	34752.000000
retention	one_crashed_n30	push_c13_healthy	lag_t15_bytes	51024.000000
retention	one_crashed_n30	push_c13_healthy	lag_t20_bytes	67712.000000
retention	one_crashed_n30	push_c13_healthy	lag_t25_bytes	92936.000000
retention	one_crashed_n30	push_c13_healthy	lag_t30_bytes	121712.000000
retention	one_crashed_n30	push_c13_healthy	lag_t35_bytes	149680.000000
retention	one_crashed_n30	push_c13_healthy	lag_t40_bytes	169264.000000
retention	one_crashed_n30	push_c13_healthy	lag_t45_bytes	185328.000000
retention	one_crashed_n30	push_c13_healthy	lag_t50_bytes	201808.000000
retention	one_crashed_n30	push_c13_healthy	lag_t55_bytes	217872.000000
retention	one_crashed_n30	push_c13_healthy	lag_t60_bytes	234200.000000
retention	one_crashed_n30	push_c13_healthy	lag_t65_bytes	266752.000000
retention	one_crashed_n30	push_c13_healthy	lag_t70_bytes	283440.000000
retention	one_crashed_n30	push_c13_healthy	lag_t75_bytes	313488.000000
retention	one_crashed_n30	push_c13_healthy	lag_t80_bytes	332936.000000
retention	one_crashed_n30	push_c13_healthy	lag_t85_bytes	350176.000000
retention	one_crashed_n30	push_c13_healthy	lag_t90_bytes	366656.000000
retention	one_crashed_n30	push_c13_healthy	lag_end_bytes	366656.000000
retention	one_crashed_n30	push_c13_healthy	lag_max_bytes	366656.000000
retention	one_crashed_n30	push_c14_healthy	lag_t0_bytes	840.000000
retention	one_crashed_n30	push_c14_healthy	lag_t5_bytes	18160.000000
retention	one_crashed_n30	push_c14_healthy	lag_t10_bytes	34640.000000
retention	one_crashed_n30	push_c14_healthy	lag_t15_bytes	50912.000000
retention	one_crashed_n30	push_c14_healthy	lag_t20_bytes	67600.000000
retention	one_crashed_n30	push_c14_healthy	lag_t25_bytes	92824.000000
retention	one_crashed_n30	push_c14_healthy	lag_t30_bytes	121600.000000
retention	one_crashed_n30	push_c14_healthy	lag_t35_bytes	149568.000000
retention	one_crashed_n30	push_c14_healthy	lag_t40_bytes	169152.000000
retention	one_crashed_n30	push_c14_healthy	lag_t45_bytes	185216.000000
retention	one_crashed_n30	push_c14_healthy	lag_t50_bytes	201696.000000
retention	one_crashed_n30	push_c14_healthy	lag_t55_bytes	217760.000000
retention	one_crashed_n30	push_c14_healthy	lag_t60_bytes	234088.000000
retention	one_crashed_n30	push_c14_healthy	lag_t65_bytes	266640.000000
retention	one_crashed_n30	push_c14_healthy	lag_t70_bytes	283328.000000
retention	one_crashed_n30	push_c14_healthy	lag_t75_bytes	313376.000000
retention	one_crashed_n30	push_c14_healthy	lag_t80_bytes	332824.000000
retention	one_crashed_n30	push_c14_healthy	lag_t85_bytes	350064.000000
retention	one_crashed_n30	push_c14_healthy	lag_t90_bytes	366544.000000
retention	one_crashed_n30	push_c14_healthy	lag_end_bytes	366544.000000
retention	one_crashed_n30	push_c14_healthy	lag_max_bytes	366544.000000
retention	one_crashed_n30	push_c15_healthy	lag_t0_bytes	784.000000
retention	one_crashed_n30	push_c15_healthy	lag_t5_bytes	18104.000000
retention	one_crashed_n30	push_c15_healthy	lag_t10_bytes	34584.000000
retention	one_crashed_n30	push_c15_healthy	lag_t15_bytes	50856.000000
retention	one_crashed_n30	push_c15_healthy	lag_t20_bytes	67544.000000
retention	one_crashed_n30	push_c15_healthy	lag_t25_bytes	92768.000000
retention	one_crashed_n30	push_c15_healthy	lag_t30_bytes	121544.000000
retention	one_crashed_n30	push_c15_healthy	lag_t35_bytes	149512.000000
retention	one_crashed_n30	push_c15_healthy	lag_t40_bytes	169096.000000
retention	one_crashed_n30	push_c15_healthy	lag_t45_bytes	185160.000000
retention	one_crashed_n30	push_c15_healthy	lag_t50_bytes	201640.000000
retention	one_crashed_n30	push_c15_healthy	lag_t55_bytes	217704.000000
retention	one_crashed_n30	push_c15_healthy	lag_t60_bytes	234032.000000
retention	one_crashed_n30	push_c15_healthy	lag_t65_bytes	266584.000000
retention	one_crashed_n30	push_c15_healthy	lag_t70_bytes	283272.000000
retention	one_crashed_n30	push_c15_healthy	lag_t75_bytes	313320.000000
retention	one_crashed_n30	push_c15_healthy	lag_t80_bytes	332768.000000
retention	one_crashed_n30	push_c15_healthy	lag_t85_bytes	350008.000000
retention	one_crashed_n30	push_c15_healthy	lag_t90_bytes	366488.000000
retention	one_crashed_n30	push_c15_healthy	lag_end_bytes	366488.000000
retention	one_crashed_n30	push_c15_healthy	lag_max_bytes	366488.000000
retention	one_crashed_n30	push_c16_healthy	lag_t0_bytes	728.000000
retention	one_crashed_n30	push_c16_healthy	lag_t5_bytes	18048.000000
retention	one_crashed_n30	push_c16_healthy	lag_t10_bytes	34528.000000
retention	one_crashed_n30	push_c16_healthy	lag_t15_bytes	50800.000000
retention	one_crashed_n30	push_c16_healthy	lag_t20_bytes	67488.000000
retention	one_crashed_n30	push_c16_healthy	lag_t25_bytes	92712.000000
retention	one_crashed_n30	push_c16_healthy	lag_t30_bytes	121488.000000
retention	one_crashed_n30	push_c16_healthy	lag_t35_bytes	149456.000000
retention	one_crashed_n30	push_c16_healthy	lag_t40_bytes	169040.000000
retention	one_crashed_n30	push_c16_healthy	lag_t45_bytes	185104.000000
retention	one_crashed_n30	push_c16_healthy	lag_t50_bytes	201584.000000
retention	one_crashed_n30	push_c16_healthy	lag_t55_bytes	217648.000000
retention	one_crashed_n30	push_c16_healthy	lag_t60_bytes	233976.000000
retention	one_crashed_n30	push_c16_healthy	lag_t65_bytes	266528.000000
retention	one_crashed_n30	push_c16_healthy	lag_t70_bytes	283216.000000
retention	one_crashed_n30	push_c16_healthy	lag_t75_bytes	313264.000000
retention	one_crashed_n30	push_c16_healthy	lag_t80_bytes	332712.000000
retention	one_crashed_n30	push_c16_healthy	lag_t85_bytes	349952.000000
retention	one_crashed_n30	push_c16_healthy	lag_t90_bytes	366432.000000
retention	one_crashed_n30	push_c16_healthy	lag_end_bytes	366432.000000
retention	one_crashed_n30	push_c16_healthy	lag_max_bytes	366432.000000
retention	one_crashed_n30	push_c17_healthy	lag_t0_bytes	672.000000
retention	one_crashed_n30	push_c17_healthy	lag_t5_bytes	17992.000000
retention	one_crashed_n30	push_c17_healthy	lag_t10_bytes	34472.000000
retention	one_crashed_n30	push_c17_healthy	lag_t15_bytes	50744.000000
retention	one_crashed_n30	push_c17_healthy	lag_t20_bytes	67432.000000
retention	one_crashed_n30	push_c17_healthy	lag_t25_bytes	92656.000000
retention	one_crashed_n30	push_c17_healthy	lag_t30_bytes	121432.000000
retention	one_crashed_n30	push_c17_healthy	lag_t35_bytes	149400.000000
retention	one_crashed_n30	push_c17_healthy	lag_t40_bytes	168984.000000
retention	one_crashed_n30	push_c17_healthy	lag_t45_bytes	185048.000000
retention	one_crashed_n30	push_c17_healthy	lag_t50_bytes	201528.000000
retention	one_crashed_n30	push_c17_healthy	lag_t55_bytes	217592.000000
retention	one_crashed_n30	push_c17_healthy	lag_t60_bytes	233920.000000
retention	one_crashed_n30	push_c17_healthy	lag_t65_bytes	266472.000000
retention	one_crashed_n30	push_c17_healthy	lag_t70_bytes	283160.000000
retention	one_crashed_n30	push_c17_healthy	lag_t75_bytes	313208.000000
retention	one_crashed_n30	push_c17_healthy	lag_t80_bytes	332656.000000
retention	one_crashed_n30	push_c17_healthy	lag_t85_bytes	349896.000000
retention	one_crashed_n30	push_c17_healthy	lag_t90_bytes	366376.000000
retention	one_crashed_n30	push_c17_healthy	lag_end_bytes	366376.000000
retention	one_crashed_n30	push_c17_healthy	lag_max_bytes	366376.000000
retention	one_crashed_n30	push_c18_healthy	lag_t0_bytes	616.000000
retention	one_crashed_n30	push_c18_healthy	lag_t5_bytes	17936.000000
retention	one_crashed_n30	push_c18_healthy	lag_t10_bytes	34416.000000
retention	one_crashed_n30	push_c18_healthy	lag_t15_bytes	50688.000000
retention	one_crashed_n30	push_c18_healthy	lag_t20_bytes	67376.000000
retention	one_crashed_n30	push_c18_healthy	lag_t25_bytes	92600.000000
retention	one_crashed_n30	push_c18_healthy	lag_t30_bytes	121376.000000
retention	one_crashed_n30	push_c18_healthy	lag_t35_bytes	149344.000000
retention	one_crashed_n30	push_c18_healthy	lag_t40_bytes	168928.000000
retention	one_crashed_n30	push_c18_healthy	lag_t45_bytes	184992.000000
retention	one_crashed_n30	push_c18_healthy	lag_t50_bytes	201472.000000
retention	one_crashed_n30	push_c18_healthy	lag_t55_bytes	217536.000000
retention	one_crashed_n30	push_c18_healthy	lag_t60_bytes	233864.000000
retention	one_crashed_n30	push_c18_healthy	lag_t65_bytes	266416.000000
retention	one_crashed_n30	push_c18_healthy	lag_t70_bytes	283104.000000
retention	one_crashed_n30	push_c18_healthy	lag_t75_bytes	313152.000000
retention	one_crashed_n30	push_c18_healthy	lag_t80_bytes	332600.000000
retention	one_crashed_n30	push_c18_healthy	lag_t85_bytes	349840.000000
retention	one_crashed_n30	push_c18_healthy	lag_t90_bytes	366320.000000
retention	one_crashed_n30	push_c18_healthy	lag_end_bytes	366320.000000
retention	one_crashed_n30	push_c18_healthy	lag_max_bytes	366320.000000
retention	one_crashed_n30	push_c19_healthy	lag_t0_bytes	560.000000
retention	one_crashed_n30	push_c19_healthy	lag_t5_bytes	17880.000000
retention	one_crashed_n30	push_c19_healthy	lag_t10_bytes	34360.000000
retention	one_crashed_n30	push_c19_healthy	lag_t15_bytes	50632.000000
retention	one_crashed_n30	push_c19_healthy	lag_t20_bytes	67320.000000
retention	one_crashed_n30	push_c19_healthy	lag_t25_bytes	92544.000000
retention	one_crashed_n30	push_c19_healthy	lag_t30_bytes	121320.000000
retention	one_crashed_n30	push_c19_healthy	lag_t35_bytes	149288.000000
retention	one_crashed_n30	push_c19_healthy	lag_t40_bytes	168872.000000
retention	one_crashed_n30	push_c19_healthy	lag_t45_bytes	184936.000000
retention	one_crashed_n30	push_c19_healthy	lag_t50_bytes	201416.000000
retention	one_crashed_n30	push_c19_healthy	lag_t55_bytes	217480.000000
retention	one_crashed_n30	push_c19_healthy	lag_t60_bytes	233808.000000
retention	one_crashed_n30	push_c19_healthy	lag_t65_bytes	266360.000000
retention	one_crashed_n30	push_c19_healthy	lag_t70_bytes	283048.000000
retention	one_crashed_n30	push_c19_healthy	lag_t75_bytes	313096.000000
retention	one_crashed_n30	push_c19_healthy	lag_t80_bytes	332544.000000
retention	one_crashed_n30	push_c19_healthy	lag_t85_bytes	349784.000000
retention	one_crashed_n30	push_c19_healthy	lag_t90_bytes	366264.000000
retention	one_crashed_n30	push_c19_healthy	lag_end_bytes	366264.000000
retention	one_crashed_n30	push_c19_healthy	lag_max_bytes	366264.000000
retention	one_crashed_n30	push_c20_healthy	lag_t0_bytes	504.000000
retention	one_crashed_n30	push_c20_healthy	lag_t5_bytes	17824.000000
retention	one_crashed_n30	push_c20_healthy	lag_t10_bytes	34304.000000
retention	one_crashed_n30	push_c20_healthy	lag_t15_bytes	50576.000000
retention	one_crashed_n30	push_c20_healthy	lag_t20_bytes	67264.000000
retention	one_crashed_n30	push_c20_healthy	lag_t25_bytes	92488.000000
retention	one_crashed_n30	push_c20_healthy	lag_t30_bytes	121264.000000
retention	one_crashed_n30	push_c20_healthy	lag_t35_bytes	149232.000000
retention	one_crashed_n30	push_c20_healthy	lag_t40_bytes	168816.000000
retention	one_crashed_n30	push_c20_healthy	lag_t45_bytes	184880.000000
retention	one_crashed_n30	push_c20_healthy	lag_t50_bytes	201360.000000
retention	one_crashed_n30	push_c20_healthy	lag_t55_bytes	217424.000000
retention	one_crashed_n30	push_c20_healthy	lag_t60_bytes	233752.000000
retention	one_crashed_n30	push_c20_healthy	lag_t65_bytes	266304.000000
retention	one_crashed_n30	push_c20_healthy	lag_t70_bytes	282992.000000
retention	one_crashed_n30	push_c20_healthy	lag_t75_bytes	313040.000000
retention	one_crashed_n30	push_c20_healthy	lag_t80_bytes	332488.000000
retention	one_crashed_n30	push_c20_healthy	lag_t85_bytes	349728.000000
retention	one_crashed_n30	push_c20_healthy	lag_t90_bytes	366208.000000
retention	one_crashed_n30	push_c20_healthy	lag_end_bytes	366208.000000
retention	one_crashed_n30	push_c20_healthy	lag_max_bytes	366208.000000
retention	one_crashed_n30	push_c21_healthy	lag_t0_bytes	448.000000
retention	one_crashed_n30	push_c21_healthy	lag_t5_bytes	17768.000000
retention	one_crashed_n30	push_c21_healthy	lag_t10_bytes	34248.000000
retention	one_crashed_n30	push_c21_healthy	lag_t15_bytes	50520.000000
retention	one_crashed_n30	push_c21_healthy	lag_t20_bytes	67208.000000
retention	one_crashed_n30	push_c21_healthy	lag_t25_bytes	92432.000000
retention	one_crashed_n30	push_c21_healthy	lag_t30_bytes	121208.000000
retention	one_crashed_n30	push_c21_healthy	lag_t35_bytes	149176.000000
retention	one_crashed_n30	push_c21_healthy	lag_t40_bytes	168760.000000
retention	one_crashed_n30	push_c21_healthy	lag_t45_bytes	184824.000000
retention	one_crashed_n30	push_c21_healthy	lag_t50_bytes	201304.000000
retention	one_crashed_n30	push_c21_healthy	lag_t55_bytes	217368.000000
retention	one_crashed_n30	push_c21_healthy	lag_t60_bytes	233696.000000
retention	one_crashed_n30	push_c21_healthy	lag_t65_bytes	266248.000000
retention	one_crashed_n30	push_c21_healthy	lag_t70_bytes	282936.000000
retention	one_crashed_n30	push_c21_healthy	lag_t75_bytes	312984.000000
retention	one_crashed_n30	push_c21_healthy	lag_t80_bytes	332432.000000
retention	one_crashed_n30	push_c21_healthy	lag_t85_bytes	349672.000000
retention	one_crashed_n30	push_c21_healthy	lag_t90_bytes	366152.000000
retention	one_crashed_n30	push_c21_healthy	lag_end_bytes	366152.000000
retention	one_crashed_n30	push_c21_healthy	lag_max_bytes	366152.000000
retention	one_crashed_n30	push_c22_healthy	lag_t0_bytes	392.000000
retention	one_crashed_n30	push_c22_healthy	lag_t5_bytes	17712.000000
retention	one_crashed_n30	push_c22_healthy	lag_t10_bytes	34192.000000
retention	one_crashed_n30	push_c22_healthy	lag_t15_bytes	50464.000000
retention	one_crashed_n30	push_c22_healthy	lag_t20_bytes	67152.000000
retention	one_crashed_n30	push_c22_healthy	lag_t25_bytes	92376.000000
retention	one_crashed_n30	push_c22_healthy	lag_t30_bytes	121152.000000
retention	one_crashed_n30	push_c22_healthy	lag_t35_bytes	149120.000000
retention	one_crashed_n30	push_c22_healthy	lag_t40_bytes	168704.000000
retention	one_crashed_n30	push_c22_healthy	lag_t45_bytes	184768.000000
retention	one_crashed_n30	push_c22_healthy	lag_t50_bytes	201248.000000
retention	one_crashed_n30	push_c22_healthy	lag_t55_bytes	217312.000000
retention	one_crashed_n30	push_c22_healthy	lag_t60_bytes	233640.000000
retention	one_crashed_n30	push_c22_healthy	lag_t65_bytes	266192.000000
retention	one_crashed_n30	push_c22_healthy	lag_t70_bytes	282880.000000
retention	one_crashed_n30	push_c22_healthy	lag_t75_bytes	312928.000000
retention	one_crashed_n30	push_c22_healthy	lag_t80_bytes	332376.000000
retention	one_crashed_n30	push_c22_healthy	lag_t85_bytes	349616.000000
retention	one_crashed_n30	push_c22_healthy	lag_t90_bytes	366096.000000
retention	one_crashed_n30	push_c22_healthy	lag_end_bytes	366096.000000
retention	one_crashed_n30	push_c22_healthy	lag_max_bytes	366096.000000
retention	one_crashed_n30	push_c23_healthy	lag_t0_bytes	336.000000
retention	one_crashed_n30	push_c23_healthy	lag_t5_bytes	17656.000000
retention	one_crashed_n30	push_c23_healthy	lag_t10_bytes	34136.000000
retention	one_crashed_n30	push_c23_healthy	lag_t15_bytes	50408.000000
retention	one_crashed_n30	push_c23_healthy	lag_t20_bytes	67096.000000
retention	one_crashed_n30	push_c23_healthy	lag_t25_bytes	92320.000000
retention	one_crashed_n30	push_c23_healthy	lag_t30_bytes	121096.000000
retention	one_crashed_n30	push_c23_healthy	lag_t35_bytes	149064.000000
retention	one_crashed_n30	push_c23_healthy	lag_t40_bytes	168648.000000
retention	one_crashed_n30	push_c23_healthy	lag_t45_bytes	184712.000000
retention	one_crashed_n30	push_c23_healthy	lag_t50_bytes	201192.000000
retention	one_crashed_n30	push_c23_healthy	lag_t55_bytes	217256.000000
retention	one_crashed_n30	push_c23_healthy	lag_t60_bytes	233584.000000
retention	one_crashed_n30	push_c23_healthy	lag_t65_bytes	266136.000000
retention	one_crashed_n30	push_c23_healthy	lag_t70_bytes	282824.000000
retention	one_crashed_n30	push_c23_healthy	lag_t75_bytes	312872.000000
retention	one_crashed_n30	push_c23_healthy	lag_t80_bytes	332320.000000
retention	one_crashed_n30	push_c23_healthy	lag_t85_bytes	349560.000000
retention	one_crashed_n30	push_c23_healthy	lag_t90_bytes	366040.000000
retention	one_crashed_n30	push_c23_healthy	lag_end_bytes	366040.000000
retention	one_crashed_n30	push_c23_healthy	lag_max_bytes	366040.000000
retention	one_crashed_n30	push_c24_healthy	lag_t0_bytes	280.000000
retention	one_crashed_n30	push_c24_healthy	lag_t5_bytes	17600.000000
retention	one_crashed_n30	push_c24_healthy	lag_t10_bytes	34080.000000
retention	one_crashed_n30	push_c24_healthy	lag_t15_bytes	50352.000000
retention	one_crashed_n30	push_c24_healthy	lag_t20_bytes	67040.000000
retention	one_crashed_n30	push_c24_healthy	lag_t25_bytes	92264.000000
retention	one_crashed_n30	push_c24_healthy	lag_t30_bytes	121040.000000
retention	one_crashed_n30	push_c24_healthy	lag_t35_bytes	149008.000000
retention	one_crashed_n30	push_c24_healthy	lag_t40_bytes	168592.000000
retention	one_crashed_n30	push_c24_healthy	lag_t45_bytes	184656.000000
retention	one_crashed_n30	push_c24_healthy	lag_t50_bytes	201136.000000
retention	one_crashed_n30	push_c24_healthy	lag_t55_bytes	217200.000000
retention	one_crashed_n30	push_c24_healthy	lag_t60_bytes	233528.000000
retention	one_crashed_n30	push_c24_healthy	lag_t65_bytes	266080.000000
retention	one_crashed_n30	push_c24_healthy	lag_t70_bytes	282768.000000
retention	one_crashed_n30	push_c24_healthy	lag_t75_bytes	312816.000000
retention	one_crashed_n30	push_c24_healthy	lag_t80_bytes	332264.000000
retention	one_crashed_n30	push_c24_healthy	lag_t85_bytes	349504.000000
retention	one_crashed_n30	push_c24_healthy	lag_t90_bytes	365984.000000
retention	one_crashed_n30	push_c24_healthy	lag_end_bytes	365984.000000
retention	one_crashed_n30	push_c24_healthy	lag_max_bytes	365984.000000
retention	one_crashed_n30	push_c25_healthy	lag_t0_bytes	224.000000
retention	one_crashed_n30	push_c25_healthy	lag_t5_bytes	17544.000000
retention	one_crashed_n30	push_c25_healthy	lag_t10_bytes	34024.000000
retention	one_crashed_n30	push_c25_healthy	lag_t15_bytes	50296.000000
retention	one_crashed_n30	push_c25_healthy	lag_t20_bytes	66984.000000
retention	one_crashed_n30	push_c25_healthy	lag_t25_bytes	92208.000000
retention	one_crashed_n30	push_c25_healthy	lag_t30_bytes	120984.000000
retention	one_crashed_n30	push_c25_healthy	lag_t35_bytes	148952.000000
retention	one_crashed_n30	push_c25_healthy	lag_t40_bytes	168536.000000
retention	one_crashed_n30	push_c25_healthy	lag_t45_bytes	184600.000000
retention	one_crashed_n30	push_c25_healthy	lag_t50_bytes	201080.000000
retention	one_crashed_n30	push_c25_healthy	lag_t55_bytes	217144.000000
retention	one_crashed_n30	push_c25_healthy	lag_t60_bytes	233472.000000
retention	one_crashed_n30	push_c25_healthy	lag_t65_bytes	266024.000000
retention	one_crashed_n30	push_c25_healthy	lag_t70_bytes	282712.000000
retention	one_crashed_n30	push_c25_healthy	lag_t75_bytes	312760.000000
retention	one_crashed_n30	push_c25_healthy	lag_t80_bytes	332208.000000
retention	one_crashed_n30	push_c25_healthy	lag_t85_bytes	349448.000000
retention	one_crashed_n30	push_c25_healthy	lag_t90_bytes	365928.000000
retention	one_crashed_n30	push_c25_healthy	lag_end_bytes	365928.000000
retention	one_crashed_n30	push_c25_healthy	lag_max_bytes	365928.000000
retention	one_crashed_n30	push_c26_healthy	lag_t0_bytes	168.000000
retention	one_crashed_n30	push_c26_healthy	lag_t5_bytes	17488.000000
retention	one_crashed_n30	push_c26_healthy	lag_t10_bytes	33968.000000
retention	one_crashed_n30	push_c26_healthy	lag_t15_bytes	50240.000000
retention	one_crashed_n30	push_c26_healthy	lag_t20_bytes	66928.000000
retention	one_crashed_n30	push_c26_healthy	lag_t25_bytes	92152.000000
retention	one_crashed_n30	push_c26_healthy	lag_t30_bytes	120928.000000
retention	one_crashed_n30	push_c26_healthy	lag_t35_bytes	148896.000000
retention	one_crashed_n30	push_c26_healthy	lag_t40_bytes	168480.000000
retention	one_crashed_n30	push_c26_healthy	lag_t45_bytes	184544.000000
retention	one_crashed_n30	push_c26_healthy	lag_t50_bytes	201024.000000
retention	one_crashed_n30	push_c26_healthy	lag_t55_bytes	217088.000000
retention	one_crashed_n30	push_c26_healthy	lag_t60_bytes	233416.000000
retention	one_crashed_n30	push_c26_healthy	lag_t65_bytes	265968.000000
retention	one_crashed_n30	push_c26_healthy	lag_t70_bytes	282656.000000
retention	one_crashed_n30	push_c26_healthy	lag_t75_bytes	312704.000000
retention	one_crashed_n30	push_c26_healthy	lag_t80_bytes	332152.000000
retention	one_crashed_n30	push_c26_healthy	lag_t85_bytes	349392.000000
retention	one_crashed_n30	push_c26_healthy	lag_t90_bytes	365872.000000
retention	one_crashed_n30	push_c26_healthy	lag_end_bytes	365872.000000
retention	one_crashed_n30	push_c26_healthy	lag_max_bytes	365872.000000
retention	one_crashed_n30	push_c27_healthy	lag_t0_bytes	112.000000
retention	one_crashed_n30	push_c27_healthy	lag_t5_bytes	17432.000000
retention	one_crashed_n30	push_c27_healthy	lag_t10_bytes	33912.000000
retention	one_crashed_n30	push_c27_healthy	lag_t15_bytes	50184.000000
retention	one_crashed_n30	push_c27_healthy	lag_t20_bytes	66872.000000
retention	one_crashed_n30	push_c27_healthy	lag_t25_bytes	92096.000000
retention	one_crashed_n30	push_c27_healthy	lag_t30_bytes	120872.000000
retention	one_crashed_n30	push_c27_healthy	lag_t35_bytes	148840.000000
retention	one_crashed_n30	push_c27_healthy	lag_t40_bytes	168424.000000
retention	one_crashed_n30	push_c27_healthy	lag_t45_bytes	184488.000000
retention	one_crashed_n30	push_c27_healthy	lag_t50_bytes	200968.000000
retention	one_crashed_n30	push_c27_healthy	lag_t55_bytes	217032.000000
retention	one_crashed_n30	push_c27_healthy	lag_t60_bytes	233360.000000
retention	one_crashed_n30	push_c27_healthy	lag_t65_bytes	265912.000000
retention	one_crashed_n30	push_c27_healthy	lag_t70_bytes	282600.000000
retention	one_crashed_n30	push_c27_healthy	lag_t75_bytes	312648.000000
retention	one_crashed_n30	push_c27_healthy	lag_t80_bytes	332096.000000
retention	one_crashed_n30	push_c27_healthy	lag_t85_bytes	349336.000000
retention	one_crashed_n30	push_c27_healthy	lag_t90_bytes	365816.000000
retention	one_crashed_n30	push_c27_healthy	lag_end_bytes	365816.000000
retention	one_crashed_n30	push_c27_healthy	lag_max_bytes	365816.000000
retention	one_crashed_n30	push_c28_healthy	lag_t0_bytes	56.000000
retention	one_crashed_n30	push_c28_healthy	lag_t5_bytes	17376.000000
retention	one_crashed_n30	push_c28_healthy	lag_t10_bytes	33856.000000
retention	one_crashed_n30	push_c28_healthy	lag_t15_bytes	50128.000000
retention	one_crashed_n30	push_c28_healthy	lag_t20_bytes	66816.000000
retention	one_crashed_n30	push_c28_healthy	lag_t25_bytes	92040.000000
retention	one_crashed_n30	push_c28_healthy	lag_t30_bytes	120816.000000
retention	one_crashed_n30	push_c28_healthy	lag_t35_bytes	148784.000000
retention	one_crashed_n30	push_c28_healthy	lag_t40_bytes	168368.000000
retention	one_crashed_n30	push_c28_healthy	lag_t45_bytes	184432.000000
retention	one_crashed_n30	push_c28_healthy	lag_t50_bytes	200912.000000
retention	one_crashed_n30	push_c28_healthy	lag_t55_bytes	216976.000000
retention	one_crashed_n30	push_c28_healthy	lag_t60_bytes	233304.000000
retention	one_crashed_n30	push_c28_healthy	lag_t65_bytes	265856.000000
retention	one_crashed_n30	push_c28_healthy	lag_t70_bytes	282544.000000
retention	one_crashed_n30	push_c28_healthy	lag_t75_bytes	312592.000000
retention	one_crashed_n30	push_c28_healthy	lag_t80_bytes	332040.000000
retention	one_crashed_n30	push_c28_healthy	lag_t85_bytes	349280.000000
retention	one_crashed_n30	push_c28_healthy	lag_t90_bytes	365760.000000
retention	one_crashed_n30	push_c28_healthy	lag_end_bytes	365760.000000
retention	one_crashed_n30	push_c28_healthy	lag_max_bytes	365760.000000
retention	one_crashed_n30	push_c29_healthy	lag_t0_bytes	0.000000
retention	one_crashed_n30	push_c29_healthy	lag_t5_bytes	17320.000000
retention	one_crashed_n30	push_c29_healthy	lag_t10_bytes	33800.000000
retention	one_crashed_n30	push_c29_healthy	lag_t15_bytes	50072.000000
retention	one_crashed_n30	push_c29_healthy	lag_t20_bytes	66760.000000
retention	one_crashed_n30	push_c29_healthy	lag_t25_bytes	91984.000000
retention	one_crashed_n30	push_c29_healthy	lag_t30_bytes	120760.000000
retention	one_crashed_n30	push_c29_healthy	lag_t35_bytes	148728.000000
retention	one_crashed_n30	push_c29_healthy	lag_t40_bytes	168312.000000
retention	one_crashed_n30	push_c29_healthy	lag_t45_bytes	184376.000000
retention	one_crashed_n30	push_c29_healthy	lag_t50_bytes	200856.000000
retention	one_crashed_n30	push_c29_healthy	lag_t55_bytes	216920.000000
retention	one_crashed_n30	push_c29_healthy	lag_t60_bytes	233248.000000
retention	one_crashed_n30	push_c29_healthy	lag_t65_bytes	265800.000000
retention	one_crashed_n30	push_c29_healthy	lag_t70_bytes	282488.000000
retention	one_crashed_n30	push_c29_healthy	lag_t75_bytes	312536.000000
retention	one_crashed_n30	push_c29_healthy	lag_t80_bytes	331984.000000
retention	one_crashed_n30	push_c29_healthy	lag_t85_bytes	349224.000000
retention	one_crashed_n30	push_c29_healthy	lag_t90_bytes	365704.000000
retention	one_crashed_n30	push_c29_healthy	lag_end_bytes	365704.000000
retention	one_crashed_n30	push_c29_healthy	lag_max_bytes	365704.000000
retention	one_crashed_n30	poll@100ms_c0_crashed	lag_t0_bytes	0.000000
retention	one_crashed_n30	poll@100ms_c0_crashed	lag_t5_bytes	416.000000
retention	one_crashed_n30	poll@100ms_c0_crashed	lag_t10_bytes	624.000000
retention	one_crashed_n30	poll@100ms_c0_crashed	lag_t15_bytes	416.000000
retention	one_crashed_n30	poll@100ms_c0_crashed	lag_t20_bytes	208.000000
retention	one_crashed_n30	poll@100ms_c0_crashed	lag_t25_bytes	208.000000
retention	one_crashed_n30	poll@100ms_c0_crashed	lag_t30_bytes	416.000000
retention	one_crashed_n30	poll@100ms_c0_crashed	lag_t35_bytes	49840.000000
retention	one_crashed_n30	poll@100ms_c0_crashed	lag_t40_bytes	88416.000000
retention	one_crashed_n30	poll@100ms_c0_crashed	lag_t45_bytes	110672.000000
retention	one_crashed_n30	poll@100ms_c0_crashed	lag_t50_bytes	127360.000000
retention	one_crashed_n30	poll@100ms_c0_crashed	lag_t55_bytes	143688.000000
retention	one_crashed_n30	poll@100ms_c0_crashed	lag_t60_bytes	160168.000000
retention	one_crashed_n30	poll@100ms_c0_crashed	lag_t65_bytes	185616.000000
retention	one_crashed_n30	poll@100ms_c0_crashed	lag_t70_bytes	215384.000000
retention	one_crashed_n30	poll@100ms_c0_crashed	lag_t75_bytes	265432.000000
retention	one_crashed_n30	poll@100ms_c0_crashed	lag_t80_bytes	355480.000000
retention	one_crashed_n30	poll@100ms_c0_crashed	lag_t85_bytes	409104.000000
retention	one_crashed_n30	poll@100ms_c0_crashed	lag_t90_bytes	450808.000000
retention	one_crashed_n30	poll@100ms_c0_crashed	lag_end_bytes	450808.000000
retention	one_crashed_n30	poll@100ms_c0_crashed	lag_max_bytes	450808.000000
retention	one_crashed_n30	poll@100ms_c1_healthy	lag_t0_bytes	0.000000
retention	one_crashed_n30	poll@100ms_c1_healthy	lag_t5_bytes	0.000000
retention	one_crashed_n30	poll@100ms_c1_healthy	lag_t10_bytes	208.000000
retention	one_crashed_n30	poll@100ms_c1_healthy	lag_t15_bytes	0.000000
retention	one_crashed_n30	poll@100ms_c1_healthy	lag_t20_bytes	624.000000
retention	one_crashed_n30	poll@100ms_c1_healthy	lag_t25_bytes	416.000000
retention	one_crashed_n30	poll@100ms_c1_healthy	lag_t30_bytes	624.000000
retention	one_crashed_n30	poll@100ms_c1_healthy	lag_t35_bytes	416.000000
retention	one_crashed_n30	poll@100ms_c1_healthy	lag_t40_bytes	208.000000
retention	one_crashed_n30	poll@100ms_c1_healthy	lag_t45_bytes	0.000000
retention	one_crashed_n30	poll@100ms_c1_healthy	lag_t50_bytes	208.000000
retention	one_crashed_n30	poll@100ms_c1_healthy	lag_t55_bytes	0.000000
retention	one_crashed_n30	poll@100ms_c1_healthy	lag_t60_bytes	208.000000
retention	one_crashed_n30	poll@100ms_c1_healthy	lag_t65_bytes	208.000000
retention	one_crashed_n30	poll@100ms_c1_healthy	lag_t70_bytes	208.000000
retention	one_crashed_n30	poll@100ms_c1_healthy	lag_t75_bytes	624.000000
retention	one_crashed_n30	poll@100ms_c1_healthy	lag_t80_bytes	1664.000000
retention	one_crashed_n30	poll@100ms_c1_healthy	lag_t85_bytes	440.000000
retention	one_crashed_n30	poll@100ms_c1_healthy	lag_t90_bytes	416.000000
retention	one_crashed_n30	poll@100ms_c1_healthy	lag_end_bytes	416.000000
retention	one_crashed_n30	poll@100ms_c1_healthy	lag_max_bytes	1664.000000
retention	one_crashed_n30	poll@100ms_c2_healthy	lag_t0_bytes	0.000000
retention	one_crashed_n30	poll@100ms_c2_healthy	lag_t5_bytes	208.000000
retention	one_crashed_n30	poll@100ms_c2_healthy	lag_t10_bytes	416.000000
retention	one_crashed_n30	poll@100ms_c2_healthy	lag_t15_bytes	208.000000
retention	one_crashed_n30	poll@100ms_c2_healthy	lag_t20_bytes	208.000000
retention	one_crashed_n30	poll@100ms_c2_healthy	lag_t25_bytes	208.000000
retention	one_crashed_n30	poll@100ms_c2_healthy	lag_t30_bytes	208.000000
retention	one_crashed_n30	poll@100ms_c2_healthy	lag_t35_bytes	624.000000
retention	one_crashed_n30	poll@100ms_c2_healthy	lag_t40_bytes	416.000000
retention	one_crashed_n30	poll@100ms_c2_healthy	lag_t45_bytes	208.000000
retention	one_crashed_n30	poll@100ms_c2_healthy	lag_t50_bytes	208.000000
retention	one_crashed_n30	poll@100ms_c2_healthy	lag_t55_bytes	208.000000
retention	one_crashed_n30	poll@100ms_c2_healthy	lag_t60_bytes	208.000000
retention	one_crashed_n30	poll@100ms_c2_healthy	lag_t65_bytes	416.000000
retention	one_crashed_n30	poll@100ms_c2_healthy	lag_t70_bytes	416.000000
retention	one_crashed_n30	poll@100ms_c2_healthy	lag_t75_bytes	832.000000
retention	one_crashed_n30	poll@100ms_c2_healthy	lag_t80_bytes	2288.000000
retention	one_crashed_n30	poll@100ms_c2_healthy	lag_t85_bytes	648.000000
retention	one_crashed_n30	poll@100ms_c2_healthy	lag_t90_bytes	624.000000
retention	one_crashed_n30	poll@100ms_c2_healthy	lag_end_bytes	624.000000
retention	one_crashed_n30	poll@100ms_c2_healthy	lag_max_bytes	2288.000000
retention	one_crashed_n30	poll@100ms_c3_healthy	lag_t0_bytes	0.000000
retention	one_crashed_n30	poll@100ms_c3_healthy	lag_t5_bytes	416.000000
retention	one_crashed_n30	poll@100ms_c3_healthy	lag_t10_bytes	624.000000
retention	one_crashed_n30	poll@100ms_c3_healthy	lag_t15_bytes	416.000000
retention	one_crashed_n30	poll@100ms_c3_healthy	lag_t20_bytes	624.000000
retention	one_crashed_n30	poll@100ms_c3_healthy	lag_t25_bytes	416.000000
retention	one_crashed_n30	poll@100ms_c3_healthy	lag_t30_bytes	624.000000
retention	one_crashed_n30	poll@100ms_c3_healthy	lag_t35_bytes	416.000000
retention	one_crashed_n30	poll@100ms_c3_healthy	lag_t40_bytes	208.000000
retention	one_crashed_n30	poll@100ms_c3_healthy	lag_t45_bytes	0.000000
retention	one_crashed_n30	poll@100ms_c3_healthy	lag_t50_bytes	208.000000
retention	one_crashed_n30	poll@100ms_c3_healthy	lag_t55_bytes	0.000000
retention	one_crashed_n30	poll@100ms_c3_healthy	lag_t60_bytes	208.000000
retention	one_crashed_n30	poll@100ms_c3_healthy	lag_t65_bytes	208.000000
retention	one_crashed_n30	poll@100ms_c3_healthy	lag_t70_bytes	208.000000
retention	one_crashed_n30	poll@100ms_c3_healthy	lag_t75_bytes	624.000000
retention	one_crashed_n30	poll@100ms_c3_healthy	lag_t80_bytes	1664.000000
retention	one_crashed_n30	poll@100ms_c3_healthy	lag_t85_bytes	440.000000
retention	one_crashed_n30	poll@100ms_c3_healthy	lag_t90_bytes	416.000000
retention	one_crashed_n30	poll@100ms_c3_healthy	lag_end_bytes	416.000000
retention	one_crashed_n30	poll@100ms_c3_healthy	lag_max_bytes	1664.000000
retention	one_crashed_n30	poll@100ms_c4_healthy	lag_t0_bytes	0.000000
retention	one_crashed_n30	poll@100ms_c4_healthy	lag_t5_bytes	0.000000
retention	one_crashed_n30	poll@100ms_c4_healthy	lag_t10_bytes	208.000000
retention	one_crashed_n30	poll@100ms_c4_healthy	lag_t15_bytes	0.000000
retention	one_crashed_n30	poll@100ms_c4_healthy	lag_t20_bytes	624.000000
retention	one_crashed_n30	poll@100ms_c4_healthy	lag_t25_bytes	416.000000
retention	one_crashed_n30	poll@100ms_c4_healthy	lag_t30_bytes	624.000000
retention	one_crashed_n30	poll@100ms_c4_healthy	lag_t35_bytes	416.000000
retention	one_crashed_n30	poll@100ms_c4_healthy	lag_t40_bytes	208.000000
retention	one_crashed_n30	poll@100ms_c4_healthy	lag_t45_bytes	0.000000
retention	one_crashed_n30	poll@100ms_c4_healthy	lag_t50_bytes	208.000000
retention	one_crashed_n30	poll@100ms_c4_healthy	lag_t55_bytes	0.000000
retention	one_crashed_n30	poll@100ms_c4_healthy	lag_t60_bytes	208.000000
retention	one_crashed_n30	poll@100ms_c4_healthy	lag_t65_bytes	208.000000
retention	one_crashed_n30	poll@100ms_c4_healthy	lag_t70_bytes	208.000000
retention	one_crashed_n30	poll@100ms_c4_healthy	lag_t75_bytes	624.000000
retention	one_crashed_n30	poll@100ms_c4_healthy	lag_t80_bytes	1664.000000
retention	one_crashed_n30	poll@100ms_c4_healthy	lag_t85_bytes	440.000000
retention	one_crashed_n30	poll@100ms_c4_healthy	lag_t90_bytes	416.000000
retention	one_crashed_n30	poll@100ms_c4_healthy	lag_end_bytes	416.000000
retention	one_crashed_n30	poll@100ms_c4_healthy	lag_max_bytes	1664.000000
retention	one_crashed_n30	poll@100ms_c5_healthy	lag_t0_bytes	0.000000
retention	one_crashed_n30	poll@100ms_c5_healthy	lag_t5_bytes	208.000000
retention	one_crashed_n30	poll@100ms_c5_healthy	lag_t10_bytes	416.000000
retention	one_crashed_n30	poll@100ms_c5_healthy	lag_t15_bytes	208.000000
retention	one_crashed_n30	poll@100ms_c5_healthy	lag_t20_bytes	624.000000
retention	one_crashed_n30	poll@100ms_c5_healthy	lag_t25_bytes	416.000000
retention	one_crashed_n30	poll@100ms_c5_healthy	lag_t30_bytes	624.000000
retention	one_crashed_n30	poll@100ms_c5_healthy	lag_t35_bytes	416.000000
retention	one_crashed_n30	poll@100ms_c5_healthy	lag_t40_bytes	208.000000
retention	one_crashed_n30	poll@100ms_c5_healthy	lag_t45_bytes	0.000000
retention	one_crashed_n30	poll@100ms_c5_healthy	lag_t50_bytes	208.000000
retention	one_crashed_n30	poll@100ms_c5_healthy	lag_t55_bytes	0.000000
retention	one_crashed_n30	poll@100ms_c5_healthy	lag_t60_bytes	208.000000
retention	one_crashed_n30	poll@100ms_c5_healthy	lag_t65_bytes	208.000000
retention	one_crashed_n30	poll@100ms_c5_healthy	lag_t70_bytes	208.000000
retention	one_crashed_n30	poll@100ms_c5_healthy	lag_t75_bytes	624.000000
retention	one_crashed_n30	poll@100ms_c5_healthy	lag_t80_bytes	1664.000000
retention	one_crashed_n30	poll@100ms_c5_healthy	lag_t85_bytes	440.000000
retention	one_crashed_n30	poll@100ms_c5_healthy	lag_t90_bytes	416.000000
retention	one_crashed_n30	poll@100ms_c5_healthy	lag_end_bytes	416.000000
retention	one_crashed_n30	poll@100ms_c5_healthy	lag_max_bytes	1664.000000
retention	one_crashed_n30	poll@100ms_c6_healthy	lag_t0_bytes	0.000000
retention	one_crashed_n30	poll@100ms_c6_healthy	lag_t5_bytes	416.000000
retention	one_crashed_n30	poll@100ms_c6_healthy	lag_t10_bytes	624.000000
retention	one_crashed_n30	poll@100ms_c6_healthy	lag_t15_bytes	416.000000
retention	one_crashed_n30	poll@100ms_c6_healthy	lag_t20_bytes	624.000000
retention	one_crashed_n30	poll@100ms_c6_healthy	lag_t25_bytes	416.000000
retention	one_crashed_n30	poll@100ms_c6_healthy	lag_t30_bytes	624.000000
retention	one_crashed_n30	poll@100ms_c6_healthy	lag_t35_bytes	416.000000
retention	one_crashed_n30	poll@100ms_c6_healthy	lag_t40_bytes	208.000000
retention	one_crashed_n30	poll@100ms_c6_healthy	lag_t45_bytes	0.000000
retention	one_crashed_n30	poll@100ms_c6_healthy	lag_t50_bytes	208.000000
retention	one_crashed_n30	poll@100ms_c6_healthy	lag_t55_bytes	0.000000
retention	one_crashed_n30	poll@100ms_c6_healthy	lag_t60_bytes	208.000000
retention	one_crashed_n30	poll@100ms_c6_healthy	lag_t65_bytes	208.000000
retention	one_crashed_n30	poll@100ms_c6_healthy	lag_t70_bytes	208.000000
retention	one_crashed_n30	poll@100ms_c6_healthy	lag_t75_bytes	624.000000
retention	one_crashed_n30	poll@100ms_c6_healthy	lag_t80_bytes	1664.000000
retention	one_crashed_n30	poll@100ms_c6_healthy	lag_t85_bytes	440.000000
retention	one_crashed_n30	poll@100ms_c6_healthy	lag_t90_bytes	416.000000
retention	one_crashed_n30	poll@100ms_c6_healthy	lag_end_bytes	416.000000
retention	one_crashed_n30	poll@100ms_c6_healthy	lag_max_bytes	1664.000000
retention	one_crashed_n30	poll@100ms_c7_healthy	lag_t0_bytes	0.000000
retention	one_crashed_n30	poll@100ms_c7_healthy	lag_t5_bytes	648.000000
retention	one_crashed_n30	poll@100ms_c7_healthy	lag_t10_bytes	624.000000
retention	one_crashed_n30	poll@100ms_c7_healthy	lag_t15_bytes	416.000000
retention	one_crashed_n30	poll@100ms_c7_healthy	lag_t20_bytes	208.000000
retention	one_crashed_n30	poll@100ms_c7_healthy	lag_t25_bytes	208.000000
retention	one_crashed_n30	poll@100ms_c7_healthy	lag_t30_bytes	416.000000
retention	one_crashed_n30	poll@100ms_c7_healthy	lag_t35_bytes	624.000000
retention	one_crashed_n30	poll@100ms_c7_healthy	lag_t40_bytes	416.000000
retention	one_crashed_n30	poll@100ms_c7_healthy	lag_t45_bytes	208.000000
retention	one_crashed_n30	poll@100ms_c7_healthy	lag_t50_bytes	208.000000
retention	one_crashed_n30	poll@100ms_c7_healthy	lag_t55_bytes	208.000000
retention	one_crashed_n30	poll@100ms_c7_healthy	lag_t60_bytes	208.000000
retention	one_crashed_n30	poll@100ms_c7_healthy	lag_t65_bytes	416.000000
retention	one_crashed_n30	poll@100ms_c7_healthy	lag_t70_bytes	416.000000
retention	one_crashed_n30	poll@100ms_c7_healthy	lag_t75_bytes	832.000000
retention	one_crashed_n30	poll@100ms_c7_healthy	lag_t80_bytes	2288.000000
retention	one_crashed_n30	poll@100ms_c7_healthy	lag_t85_bytes	648.000000
retention	one_crashed_n30	poll@100ms_c7_healthy	lag_t90_bytes	624.000000
retention	one_crashed_n30	poll@100ms_c7_healthy	lag_end_bytes	624.000000
retention	one_crashed_n30	poll@100ms_c7_healthy	lag_max_bytes	2288.000000
retention	one_crashed_n30	poll@100ms_c8_healthy	lag_t0_bytes	0.000000
retention	one_crashed_n30	poll@100ms_c8_healthy	lag_t5_bytes	208.000000
retention	one_crashed_n30	poll@100ms_c8_healthy	lag_t10_bytes	208.000000
retention	one_crashed_n30	poll@100ms_c8_healthy	lag_t15_bytes	208.000000
retention	one_crashed_n30	poll@100ms_c8_healthy	lag_t20_bytes	624.000000
retention	one_crashed_n30	poll@100ms_c8_healthy	lag_t25_bytes	416.000000
retention	one_crashed_n30	poll@100ms_c8_healthy	lag_t30_bytes	624.000000
retention	one_crashed_n30	poll@100ms_c8_healthy	lag_t35_bytes	416.000000
retention	one_crashed_n30	poll@100ms_c8_healthy	lag_t40_bytes	208.000000
retention	one_crashed_n30	poll@100ms_c8_healthy	lag_t45_bytes	0.000000
retention	one_crashed_n30	poll@100ms_c8_healthy	lag_t50_bytes	208.000000
retention	one_crashed_n30	poll@100ms_c8_healthy	lag_t55_bytes	0.000000
retention	one_crashed_n30	poll@100ms_c8_healthy	lag_t60_bytes	208.000000
retention	one_crashed_n30	poll@100ms_c8_healthy	lag_t65_bytes	208.000000
retention	one_crashed_n30	poll@100ms_c8_healthy	lag_t70_bytes	208.000000
retention	one_crashed_n30	poll@100ms_c8_healthy	lag_t75_bytes	624.000000
retention	one_crashed_n30	poll@100ms_c8_healthy	lag_t80_bytes	1664.000000
retention	one_crashed_n30	poll@100ms_c8_healthy	lag_t85_bytes	440.000000
retention	one_crashed_n30	poll@100ms_c8_healthy	lag_t90_bytes	416.000000
retention	one_crashed_n30	poll@100ms_c8_healthy	lag_end_bytes	416.000000
retention	one_crashed_n30	poll@100ms_c8_healthy	lag_max_bytes	1664.000000
retention	one_crashed_n30	poll@100ms_c9_healthy	lag_t0_bytes	0.000000
retention	one_crashed_n30	poll@100ms_c9_healthy	lag_t5_bytes	208.000000
retention	one_crashed_n30	poll@100ms_c9_healthy	lag_t10_bytes	416.000000
retention	one_crashed_n30	poll@100ms_c9_healthy	lag_t15_bytes	208.000000
retention	one_crashed_n30	poll@100ms_c9_healthy	lag_t20_bytes	208.000000
retention	one_crashed_n30	poll@100ms_c9_healthy	lag_t25_bytes	208.000000
retention	one_crashed_n30	poll@100ms_c9_healthy	lag_t30_bytes	416.000000
retention	one_crashed_n30	poll@100ms_c9_healthy	lag_t35_bytes	624.000000
retention	one_crashed_n30	poll@100ms_c9_healthy	lag_t40_bytes	416.000000
retention	one_crashed_n30	poll@100ms_c9_healthy	lag_t45_bytes	208.000000
retention	one_crashed_n30	poll@100ms_c9_healthy	lag_t50_bytes	208.000000
retention	one_crashed_n30	poll@100ms_c9_healthy	lag_t55_bytes	208.000000
retention	one_crashed_n30	poll@100ms_c9_healthy	lag_t60_bytes	208.000000
retention	one_crashed_n30	poll@100ms_c9_healthy	lag_t65_bytes	416.000000
retention	one_crashed_n30	poll@100ms_c9_healthy	lag_t70_bytes	416.000000
retention	one_crashed_n30	poll@100ms_c9_healthy	lag_t75_bytes	832.000000
retention	one_crashed_n30	poll@100ms_c9_healthy	lag_t80_bytes	2288.000000
retention	one_crashed_n30	poll@100ms_c9_healthy	lag_t85_bytes	648.000000
retention	one_crashed_n30	poll@100ms_c9_healthy	lag_t90_bytes	624.000000
retention	one_crashed_n30	poll@100ms_c9_healthy	lag_end_bytes	624.000000
retention	one_crashed_n30	poll@100ms_c9_healthy	lag_max_bytes	2288.000000
retention	one_crashed_n30	poll@100ms_c10_healthy	lag_t0_bytes	0.000000
retention	one_crashed_n30	poll@100ms_c10_healthy	lag_t5_bytes	416.000000
retention	one_crashed_n30	poll@100ms_c10_healthy	lag_t10_bytes	624.000000
retention	one_crashed_n30	poll@100ms_c10_healthy	lag_t15_bytes	416.000000
retention	one_crashed_n30	poll@100ms_c10_healthy	lag_t20_bytes	208.000000
retention	one_crashed_n30	poll@100ms_c10_healthy	lag_t25_bytes	208.000000
retention	one_crashed_n30	poll@100ms_c10_healthy	lag_t30_bytes	416.000000
retention	one_crashed_n30	poll@100ms_c10_healthy	lag_t35_bytes	1040.000000
retention	one_crashed_n30	poll@100ms_c10_healthy	lag_t40_bytes	832.000000
retention	one_crashed_n30	poll@100ms_c10_healthy	lag_t45_bytes	208.000000
retention	one_crashed_n30	poll@100ms_c10_healthy	lag_t50_bytes	416.000000
retention	one_crashed_n30	poll@100ms_c10_healthy	lag_t55_bytes	0.000000
retention	one_crashed_n30	poll@100ms_c10_healthy	lag_t60_bytes	0.000000
retention	one_crashed_n30	poll@100ms_c10_healthy	lag_t65_bytes	208.000000
retention	one_crashed_n30	poll@100ms_c10_healthy	lag_t70_bytes	0.000000
retention	one_crashed_n30	poll@100ms_c10_healthy	lag_t75_bytes	832.000000
retention	one_crashed_n30	poll@100ms_c10_healthy	lag_t80_bytes	2288.000000
retention	one_crashed_n30	poll@100ms_c10_healthy	lag_t85_bytes	648.000000
retention	one_crashed_n30	poll@100ms_c10_healthy	lag_t90_bytes	624.000000
retention	one_crashed_n30	poll@100ms_c10_healthy	lag_end_bytes	624.000000
retention	one_crashed_n30	poll@100ms_c10_healthy	lag_max_bytes	2288.000000
retention	one_crashed_n30	poll@100ms_c11_healthy	lag_t0_bytes	0.000000
retention	one_crashed_n30	poll@100ms_c11_healthy	lag_t5_bytes	0.000000
retention	one_crashed_n30	poll@100ms_c11_healthy	lag_t10_bytes	208.000000
retention	one_crashed_n30	poll@100ms_c11_healthy	lag_t15_bytes	0.000000
retention	one_crashed_n30	poll@100ms_c11_healthy	lag_t20_bytes	624.000000
retention	one_crashed_n30	poll@100ms_c11_healthy	lag_t25_bytes	416.000000
retention	one_crashed_n30	poll@100ms_c11_healthy	lag_t30_bytes	624.000000
retention	one_crashed_n30	poll@100ms_c11_healthy	lag_t35_bytes	416.000000
retention	one_crashed_n30	poll@100ms_c11_healthy	lag_t40_bytes	208.000000
retention	one_crashed_n30	poll@100ms_c11_healthy	lag_t45_bytes	0.000000
retention	one_crashed_n30	poll@100ms_c11_healthy	lag_t50_bytes	208.000000
retention	one_crashed_n30	poll@100ms_c11_healthy	lag_t55_bytes	0.000000
retention	one_crashed_n30	poll@100ms_c11_healthy	lag_t60_bytes	208.000000
retention	one_crashed_n30	poll@100ms_c11_healthy	lag_t65_bytes	208.000000
retention	one_crashed_n30	poll@100ms_c11_healthy	lag_t70_bytes	208.000000
retention	one_crashed_n30	poll@100ms_c11_healthy	lag_t75_bytes	624.000000
retention	one_crashed_n30	poll@100ms_c11_healthy	lag_t80_bytes	1664.000000
retention	one_crashed_n30	poll@100ms_c11_healthy	lag_t85_bytes	440.000000
retention	one_crashed_n30	poll@100ms_c11_healthy	lag_t90_bytes	416.000000
retention	one_crashed_n30	poll@100ms_c11_healthy	lag_end_bytes	416.000000
retention	one_crashed_n30	poll@100ms_c11_healthy	lag_max_bytes	1664.000000
retention	one_crashed_n30	poll@100ms_c12_healthy	lag_t0_bytes	0.000000
retention	one_crashed_n30	poll@100ms_c12_healthy	lag_t5_bytes	208.000000
retention	one_crashed_n30	poll@100ms_c12_healthy	lag_t10_bytes	416.000000
retention	one_crashed_n30	poll@100ms_c12_healthy	lag_t15_bytes	208.000000
retention	one_crashed_n30	poll@100ms_c12_healthy	lag_t20_bytes	208.000000
retention	one_crashed_n30	poll@100ms_c12_healthy	lag_t25_bytes	208.000000
retention	one_crashed_n30	poll@100ms_c12_healthy	lag_t30_bytes	208.000000
retention	one_crashed_n30	poll@100ms_c12_healthy	lag_t35_bytes	624.000000
retention	one_crashed_n30	poll@100ms_c12_healthy	lag_t40_bytes	416.000000
retention	one_crashed_n30	poll@100ms_c12_healthy	lag_t45_bytes	208.000000
retention	one_crashed_n30	poll@100ms_c12_healthy	lag_t50_bytes	208.000000
retention	one_crashed_n30	poll@100ms_c12_healthy	lag_t55_bytes	208.000000
retention	one_crashed_n30	poll@100ms_c12_healthy	lag_t60_bytes	208.000000
retention	one_crashed_n30	poll@100ms_c12_healthy	lag_t65_bytes	416.000000
retention	one_crashed_n30	poll@100ms_c12_healthy	lag_t70_bytes	416.000000
retention	one_crashed_n30	poll@100ms_c12_healthy	lag_t75_bytes	832.000000
retention	one_crashed_n30	poll@100ms_c12_healthy	lag_t80_bytes	2288.000000
retention	one_crashed_n30	poll@100ms_c12_healthy	lag_t85_bytes	648.000000
retention	one_crashed_n30	poll@100ms_c12_healthy	lag_t90_bytes	624.000000
retention	one_crashed_n30	poll@100ms_c12_healthy	lag_end_bytes	624.000000
retention	one_crashed_n30	poll@100ms_c12_healthy	lag_max_bytes	2288.000000
retention	one_crashed_n30	poll@100ms_c13_healthy	lag_t0_bytes	0.000000
retention	one_crashed_n30	poll@100ms_c13_healthy	lag_t5_bytes	416.000000
retention	one_crashed_n30	poll@100ms_c13_healthy	lag_t10_bytes	624.000000
retention	one_crashed_n30	poll@100ms_c13_healthy	lag_t15_bytes	416.000000
retention	one_crashed_n30	poll@100ms_c13_healthy	lag_t20_bytes	208.000000
retention	one_crashed_n30	poll@100ms_c13_healthy	lag_t25_bytes	208.000000
retention	one_crashed_n30	poll@100ms_c13_healthy	lag_t30_bytes	416.000000
retention	one_crashed_n30	poll@100ms_c13_healthy	lag_t35_bytes	624.000000
retention	one_crashed_n30	poll@100ms_c13_healthy	lag_t40_bytes	416.000000
retention	one_crashed_n30	poll@100ms_c13_healthy	lag_t45_bytes	208.000000
retention	one_crashed_n30	poll@100ms_c13_healthy	lag_t50_bytes	208.000000
retention	one_crashed_n30	poll@100ms_c13_healthy	lag_t55_bytes	208.000000
retention	one_crashed_n30	poll@100ms_c13_healthy	lag_t60_bytes	208.000000
retention	one_crashed_n30	poll@100ms_c13_healthy	lag_t65_bytes	416.000000
retention	one_crashed_n30	poll@100ms_c13_healthy	lag_t70_bytes	416.000000
retention	one_crashed_n30	poll@100ms_c13_healthy	lag_t75_bytes	832.000000
retention	one_crashed_n30	poll@100ms_c13_healthy	lag_t80_bytes	2288.000000
retention	one_crashed_n30	poll@100ms_c13_healthy	lag_t85_bytes	648.000000
retention	one_crashed_n30	poll@100ms_c13_healthy	lag_t90_bytes	624.000000
retention	one_crashed_n30	poll@100ms_c13_healthy	lag_end_bytes	624.000000
retention	one_crashed_n30	poll@100ms_c13_healthy	lag_max_bytes	2288.000000
retention	one_crashed_n30	poll@100ms_c14_healthy	lag_t0_bytes	0.000000
retention	one_crashed_n30	poll@100ms_c14_healthy	lag_t5_bytes	0.000000
retention	one_crashed_n30	poll@100ms_c14_healthy	lag_t10_bytes	208.000000
retention	one_crashed_n30	poll@100ms_c14_healthy	lag_t15_bytes	0.000000
retention	one_crashed_n30	poll@100ms_c14_healthy	lag_t20_bytes	624.000000
retention	one_crashed_n30	poll@100ms_c14_healthy	lag_t25_bytes	416.000000
retention	one_crashed_n30	poll@100ms_c14_healthy	lag_t30_bytes	624.000000
retention	one_crashed_n30	poll@100ms_c14_healthy	lag_t35_bytes	416.000000
retention	one_crashed_n30	poll@100ms_c14_healthy	lag_t40_bytes	208.000000
retention	one_crashed_n30	poll@100ms_c14_healthy	lag_t45_bytes	0.000000
retention	one_crashed_n30	poll@100ms_c14_healthy	lag_t50_bytes	208.000000
retention	one_crashed_n30	poll@100ms_c14_healthy	lag_t55_bytes	0.000000
retention	one_crashed_n30	poll@100ms_c14_healthy	lag_t60_bytes	208.000000
retention	one_crashed_n30	poll@100ms_c14_healthy	lag_t65_bytes	208.000000
retention	one_crashed_n30	poll@100ms_c14_healthy	lag_t70_bytes	208.000000
retention	one_crashed_n30	poll@100ms_c14_healthy	lag_t75_bytes	624.000000
retention	one_crashed_n30	poll@100ms_c14_healthy	lag_t80_bytes	1664.000000
retention	one_crashed_n30	poll@100ms_c14_healthy	lag_t85_bytes	440.000000
retention	one_crashed_n30	poll@100ms_c14_healthy	lag_t90_bytes	416.000000
retention	one_crashed_n30	poll@100ms_c14_healthy	lag_end_bytes	416.000000
retention	one_crashed_n30	poll@100ms_c14_healthy	lag_max_bytes	1664.000000
retention	one_crashed_n30	poll@100ms_c15_healthy	lag_t0_bytes	0.000000
retention	one_crashed_n30	poll@100ms_c15_healthy	lag_t5_bytes	208.000000
retention	one_crashed_n30	poll@100ms_c15_healthy	lag_t10_bytes	416.000000
retention	one_crashed_n30	poll@100ms_c15_healthy	lag_t15_bytes	208.000000
retention	one_crashed_n30	poll@100ms_c15_healthy	lag_t20_bytes	208.000000
retention	one_crashed_n30	poll@100ms_c15_healthy	lag_t25_bytes	208.000000
retention	one_crashed_n30	poll@100ms_c15_healthy	lag_t30_bytes	208.000000
retention	one_crashed_n30	poll@100ms_c15_healthy	lag_t35_bytes	624.000000
retention	one_crashed_n30	poll@100ms_c15_healthy	lag_t40_bytes	416.000000
retention	one_crashed_n30	poll@100ms_c15_healthy	lag_t45_bytes	208.000000
retention	one_crashed_n30	poll@100ms_c15_healthy	lag_t50_bytes	208.000000
retention	one_crashed_n30	poll@100ms_c15_healthy	lag_t55_bytes	208.000000
retention	one_crashed_n30	poll@100ms_c15_healthy	lag_t60_bytes	208.000000
retention	one_crashed_n30	poll@100ms_c15_healthy	lag_t65_bytes	416.000000
retention	one_crashed_n30	poll@100ms_c15_healthy	lag_t70_bytes	416.000000
retention	one_crashed_n30	poll@100ms_c15_healthy	lag_t75_bytes	832.000000
retention	one_crashed_n30	poll@100ms_c15_healthy	lag_t80_bytes	2288.000000
retention	one_crashed_n30	poll@100ms_c15_healthy	lag_t85_bytes	648.000000
retention	one_crashed_n30	poll@100ms_c15_healthy	lag_t90_bytes	624.000000
retention	one_crashed_n30	poll@100ms_c15_healthy	lag_end_bytes	624.000000
retention	one_crashed_n30	poll@100ms_c15_healthy	lag_max_bytes	2288.000000
retention	one_crashed_n30	poll@100ms_c16_healthy	lag_t0_bytes	0.000000
retention	one_crashed_n30	poll@100ms_c16_healthy	lag_t5_bytes	416.000000
retention	one_crashed_n30	poll@100ms_c16_healthy	lag_t10_bytes	624.000000
retention	one_crashed_n30	poll@100ms_c16_healthy	lag_t15_bytes	416.000000
retention	one_crashed_n30	poll@100ms_c16_healthy	lag_t20_bytes	624.000000
retention	one_crashed_n30	poll@100ms_c16_healthy	lag_t25_bytes	416.000000
retention	one_crashed_n30	poll@100ms_c16_healthy	lag_t30_bytes	624.000000
retention	one_crashed_n30	poll@100ms_c16_healthy	lag_t35_bytes	416.000000
retention	one_crashed_n30	poll@100ms_c16_healthy	lag_t40_bytes	208.000000
retention	one_crashed_n30	poll@100ms_c16_healthy	lag_t45_bytes	0.000000
retention	one_crashed_n30	poll@100ms_c16_healthy	lag_t50_bytes	208.000000
retention	one_crashed_n30	poll@100ms_c16_healthy	lag_t55_bytes	0.000000
retention	one_crashed_n30	poll@100ms_c16_healthy	lag_t60_bytes	208.000000
retention	one_crashed_n30	poll@100ms_c16_healthy	lag_t65_bytes	208.000000
retention	one_crashed_n30	poll@100ms_c16_healthy	lag_t70_bytes	208.000000
retention	one_crashed_n30	poll@100ms_c16_healthy	lag_t75_bytes	624.000000
retention	one_crashed_n30	poll@100ms_c16_healthy	lag_t80_bytes	1664.000000
retention	one_crashed_n30	poll@100ms_c16_healthy	lag_t85_bytes	440.000000
retention	one_crashed_n30	poll@100ms_c16_healthy	lag_t90_bytes	416.000000
retention	one_crashed_n30	poll@100ms_c16_healthy	lag_end_bytes	416.000000
retention	one_crashed_n30	poll@100ms_c16_healthy	lag_max_bytes	1664.000000
retention	one_crashed_n30	poll@100ms_c17_healthy	lag_t0_bytes	0.000000
retention	one_crashed_n30	poll@100ms_c17_healthy	lag_t5_bytes	0.000000
retention	one_crashed_n30	poll@100ms_c17_healthy	lag_t10_bytes	208.000000
retention	one_crashed_n30	poll@100ms_c17_healthy	lag_t15_bytes	0.000000
retention	one_crashed_n30	poll@100ms_c17_healthy	lag_t20_bytes	624.000000
retention	one_crashed_n30	poll@100ms_c17_healthy	lag_t25_bytes	416.000000
retention	one_crashed_n30	poll@100ms_c17_healthy	lag_t30_bytes	624.000000
retention	one_crashed_n30	poll@100ms_c17_healthy	lag_t35_bytes	416.000000
retention	one_crashed_n30	poll@100ms_c17_healthy	lag_t40_bytes	208.000000
retention	one_crashed_n30	poll@100ms_c17_healthy	lag_t45_bytes	0.000000
retention	one_crashed_n30	poll@100ms_c17_healthy	lag_t50_bytes	208.000000
retention	one_crashed_n30	poll@100ms_c17_healthy	lag_t55_bytes	0.000000
retention	one_crashed_n30	poll@100ms_c17_healthy	lag_t60_bytes	208.000000
retention	one_crashed_n30	poll@100ms_c17_healthy	lag_t65_bytes	208.000000
retention	one_crashed_n30	poll@100ms_c17_healthy	lag_t70_bytes	208.000000
retention	one_crashed_n30	poll@100ms_c17_healthy	lag_t75_bytes	624.000000
retention	one_crashed_n30	poll@100ms_c17_healthy	lag_t80_bytes	1664.000000
retention	one_crashed_n30	poll@100ms_c17_healthy	lag_t85_bytes	440.000000
retention	one_crashed_n30	poll@100ms_c17_healthy	lag_t90_bytes	416.000000
retention	one_crashed_n30	poll@100ms_c17_healthy	lag_end_bytes	416.000000
retention	one_crashed_n30	poll@100ms_c17_healthy	lag_max_bytes	1664.000000
retention	one_crashed_n30	poll@100ms_c18_healthy	lag_t0_bytes	0.000000
retention	one_crashed_n30	poll@100ms_c18_healthy	lag_t5_bytes	208.000000
retention	one_crashed_n30	poll@100ms_c18_healthy	lag_t10_bytes	416.000000
retention	one_crashed_n30	poll@100ms_c18_healthy	lag_t15_bytes	208.000000
retention	one_crashed_n30	poll@100ms_c18_healthy	lag_t20_bytes	208.000000
retention	one_crashed_n30	poll@100ms_c18_healthy	lag_t25_bytes	208.000000
retention	one_crashed_n30	poll@100ms_c18_healthy	lag_t30_bytes	208.000000
retention	one_crashed_n30	poll@100ms_c18_healthy	lag_t35_bytes	624.000000
retention	one_crashed_n30	poll@100ms_c18_healthy	lag_t40_bytes	416.000000
retention	one_crashed_n30	poll@100ms_c18_healthy	lag_t45_bytes	208.000000
retention	one_crashed_n30	poll@100ms_c18_healthy	lag_t50_bytes	208.000000
retention	one_crashed_n30	poll@100ms_c18_healthy	lag_t55_bytes	208.000000
retention	one_crashed_n30	poll@100ms_c18_healthy	lag_t60_bytes	208.000000
retention	one_crashed_n30	poll@100ms_c18_healthy	lag_t65_bytes	416.000000
retention	one_crashed_n30	poll@100ms_c18_healthy	lag_t70_bytes	416.000000
retention	one_crashed_n30	poll@100ms_c18_healthy	lag_t75_bytes	832.000000
retention	one_crashed_n30	poll@100ms_c18_healthy	lag_t80_bytes	2288.000000
retention	one_crashed_n30	poll@100ms_c18_healthy	lag_t85_bytes	648.000000
retention	one_crashed_n30	poll@100ms_c18_healthy	lag_t90_bytes	624.000000
retention	one_crashed_n30	poll@100ms_c18_healthy	lag_end_bytes	624.000000
retention	one_crashed_n30	poll@100ms_c18_healthy	lag_max_bytes	2288.000000
retention	one_crashed_n30	poll@100ms_c19_healthy	lag_t0_bytes	0.000000
retention	one_crashed_n30	poll@100ms_c19_healthy	lag_t5_bytes	416.000000
retention	one_crashed_n30	poll@100ms_c19_healthy	lag_t10_bytes	624.000000
retention	one_crashed_n30	poll@100ms_c19_healthy	lag_t15_bytes	416.000000
retention	one_crashed_n30	poll@100ms_c19_healthy	lag_t20_bytes	624.000000
retention	one_crashed_n30	poll@100ms_c19_healthy	lag_t25_bytes	416.000000
retention	one_crashed_n30	poll@100ms_c19_healthy	lag_t30_bytes	624.000000
retention	one_crashed_n30	poll@100ms_c19_healthy	lag_t35_bytes	416.000000
retention	one_crashed_n30	poll@100ms_c19_healthy	lag_t40_bytes	208.000000
retention	one_crashed_n30	poll@100ms_c19_healthy	lag_t45_bytes	0.000000
retention	one_crashed_n30	poll@100ms_c19_healthy	lag_t50_bytes	208.000000
retention	one_crashed_n30	poll@100ms_c19_healthy	lag_t55_bytes	0.000000
retention	one_crashed_n30	poll@100ms_c19_healthy	lag_t60_bytes	208.000000
retention	one_crashed_n30	poll@100ms_c19_healthy	lag_t65_bytes	208.000000
retention	one_crashed_n30	poll@100ms_c19_healthy	lag_t70_bytes	208.000000
retention	one_crashed_n30	poll@100ms_c19_healthy	lag_t75_bytes	624.000000
retention	one_crashed_n30	poll@100ms_c19_healthy	lag_t80_bytes	1664.000000
retention	one_crashed_n30	poll@100ms_c19_healthy	lag_t85_bytes	440.000000
retention	one_crashed_n30	poll@100ms_c19_healthy	lag_t90_bytes	416.000000
retention	one_crashed_n30	poll@100ms_c19_healthy	lag_end_bytes	416.000000
retention	one_crashed_n30	poll@100ms_c19_healthy	lag_max_bytes	1664.000000
retention	one_crashed_n30	poll@100ms_c20_healthy	lag_t0_bytes	0.000000
retention	one_crashed_n30	poll@100ms_c20_healthy	lag_t5_bytes	0.000000
retention	one_crashed_n30	poll@100ms_c20_healthy	lag_t10_bytes	208.000000
retention	one_crashed_n30	poll@100ms_c20_healthy	lag_t15_bytes	0.000000
retention	one_crashed_n30	poll@100ms_c20_healthy	lag_t20_bytes	624.000000
retention	one_crashed_n30	poll@100ms_c20_healthy	lag_t25_bytes	416.000000
retention	one_crashed_n30	poll@100ms_c20_healthy	lag_t30_bytes	624.000000
retention	one_crashed_n30	poll@100ms_c20_healthy	lag_t35_bytes	416.000000
retention	one_crashed_n30	poll@100ms_c20_healthy	lag_t40_bytes	208.000000
retention	one_crashed_n30	poll@100ms_c20_healthy	lag_t45_bytes	0.000000
retention	one_crashed_n30	poll@100ms_c20_healthy	lag_t50_bytes	208.000000
retention	one_crashed_n30	poll@100ms_c20_healthy	lag_t55_bytes	0.000000
retention	one_crashed_n30	poll@100ms_c20_healthy	lag_t60_bytes	208.000000
retention	one_crashed_n30	poll@100ms_c20_healthy	lag_t65_bytes	208.000000
retention	one_crashed_n30	poll@100ms_c20_healthy	lag_t70_bytes	208.000000
retention	one_crashed_n30	poll@100ms_c20_healthy	lag_t75_bytes	624.000000
retention	one_crashed_n30	poll@100ms_c20_healthy	lag_t80_bytes	1664.000000
retention	one_crashed_n30	poll@100ms_c20_healthy	lag_t85_bytes	440.000000
retention	one_crashed_n30	poll@100ms_c20_healthy	lag_t90_bytes	416.000000
retention	one_crashed_n30	poll@100ms_c20_healthy	lag_end_bytes	416.000000
retention	one_crashed_n30	poll@100ms_c20_healthy	lag_max_bytes	1664.000000
retention	one_crashed_n30	poll@100ms_c21_healthy	lag_t0_bytes	0.000000
retention	one_crashed_n30	poll@100ms_c21_healthy	lag_t5_bytes	208.000000
retention	one_crashed_n30	poll@100ms_c21_healthy	lag_t10_bytes	416.000000
retention	one_crashed_n30	poll@100ms_c21_healthy	lag_t15_bytes	208.000000
retention	one_crashed_n30	poll@100ms_c21_healthy	lag_t20_bytes	624.000000
retention	one_crashed_n30	poll@100ms_c21_healthy	lag_t25_bytes	416.000000
retention	one_crashed_n30	poll@100ms_c21_healthy	lag_t30_bytes	624.000000
retention	one_crashed_n30	poll@100ms_c21_healthy	lag_t35_bytes	416.000000
retention	one_crashed_n30	poll@100ms_c21_healthy	lag_t40_bytes	208.000000
retention	one_crashed_n30	poll@100ms_c21_healthy	lag_t45_bytes	0.000000
retention	one_crashed_n30	poll@100ms_c21_healthy	lag_t50_bytes	208.000000
retention	one_crashed_n30	poll@100ms_c21_healthy	lag_t55_bytes	0.000000
retention	one_crashed_n30	poll@100ms_c21_healthy	lag_t60_bytes	208.000000
retention	one_crashed_n30	poll@100ms_c21_healthy	lag_t65_bytes	208.000000
retention	one_crashed_n30	poll@100ms_c21_healthy	lag_t70_bytes	208.000000
retention	one_crashed_n30	poll@100ms_c21_healthy	lag_t75_bytes	624.000000
retention	one_crashed_n30	poll@100ms_c21_healthy	lag_t80_bytes	1664.000000
retention	one_crashed_n30	poll@100ms_c21_healthy	lag_t85_bytes	440.000000
retention	one_crashed_n30	poll@100ms_c21_healthy	lag_t90_bytes	416.000000
retention	one_crashed_n30	poll@100ms_c21_healthy	lag_end_bytes	416.000000
retention	one_crashed_n30	poll@100ms_c21_healthy	lag_max_bytes	1664.000000
retention	one_crashed_n30	poll@100ms_c22_healthy	lag_t0_bytes	0.000000
retention	one_crashed_n30	poll@100ms_c22_healthy	lag_t5_bytes	416.000000
retention	one_crashed_n30	poll@100ms_c22_healthy	lag_t10_bytes	624.000000
retention	one_crashed_n30	poll@100ms_c22_healthy	lag_t15_bytes	416.000000
retention	one_crashed_n30	poll@100ms_c22_healthy	lag_t20_bytes	624.000000
retention	one_crashed_n30	poll@100ms_c22_healthy	lag_t25_bytes	416.000000
retention	one_crashed_n30	poll@100ms_c22_healthy	lag_t30_bytes	624.000000
retention	one_crashed_n30	poll@100ms_c22_healthy	lag_t35_bytes	416.000000
retention	one_crashed_n30	poll@100ms_c22_healthy	lag_t40_bytes	208.000000
retention	one_crashed_n30	poll@100ms_c22_healthy	lag_t45_bytes	0.000000
retention	one_crashed_n30	poll@100ms_c22_healthy	lag_t50_bytes	208.000000
retention	one_crashed_n30	poll@100ms_c22_healthy	lag_t55_bytes	0.000000
retention	one_crashed_n30	poll@100ms_c22_healthy	lag_t60_bytes	208.000000
retention	one_crashed_n30	poll@100ms_c22_healthy	lag_t65_bytes	208.000000
retention	one_crashed_n30	poll@100ms_c22_healthy	lag_t70_bytes	208.000000
retention	one_crashed_n30	poll@100ms_c22_healthy	lag_t75_bytes	624.000000
retention	one_crashed_n30	poll@100ms_c22_healthy	lag_t80_bytes	1664.000000
retention	one_crashed_n30	poll@100ms_c22_healthy	lag_t85_bytes	440.000000
retention	one_crashed_n30	poll@100ms_c22_healthy	lag_t90_bytes	416.000000
retention	one_crashed_n30	poll@100ms_c22_healthy	lag_end_bytes	416.000000
retention	one_crashed_n30	poll@100ms_c22_healthy	lag_max_bytes	1664.000000
retention	one_crashed_n30	poll@100ms_c23_healthy	lag_t0_bytes	0.000000
retention	one_crashed_n30	poll@100ms_c23_healthy	lag_t5_bytes	0.000000
retention	one_crashed_n30	poll@100ms_c23_healthy	lag_t10_bytes	208.000000
retention	one_crashed_n30	poll@100ms_c23_healthy	lag_t15_bytes	0.000000
retention	one_crashed_n30	poll@100ms_c23_healthy	lag_t20_bytes	624.000000
retention	one_crashed_n30	poll@100ms_c23_healthy	lag_t25_bytes	416.000000
retention	one_crashed_n30	poll@100ms_c23_healthy	lag_t30_bytes	624.000000
retention	one_crashed_n30	poll@100ms_c23_healthy	lag_t35_bytes	416.000000
retention	one_crashed_n30	poll@100ms_c23_healthy	lag_t40_bytes	208.000000
retention	one_crashed_n30	poll@100ms_c23_healthy	lag_t45_bytes	0.000000
retention	one_crashed_n30	poll@100ms_c23_healthy	lag_t50_bytes	208.000000
retention	one_crashed_n30	poll@100ms_c23_healthy	lag_t55_bytes	0.000000
retention	one_crashed_n30	poll@100ms_c23_healthy	lag_t60_bytes	208.000000
retention	one_crashed_n30	poll@100ms_c23_healthy	lag_t65_bytes	208.000000
retention	one_crashed_n30	poll@100ms_c23_healthy	lag_t70_bytes	208.000000
retention	one_crashed_n30	poll@100ms_c23_healthy	lag_t75_bytes	624.000000
retention	one_crashed_n30	poll@100ms_c23_healthy	lag_t80_bytes	1664.000000
retention	one_crashed_n30	poll@100ms_c23_healthy	lag_t85_bytes	440.000000
retention	one_crashed_n30	poll@100ms_c23_healthy	lag_t90_bytes	416.000000
retention	one_crashed_n30	poll@100ms_c23_healthy	lag_end_bytes	416.000000
retention	one_crashed_n30	poll@100ms_c23_healthy	lag_max_bytes	1664.000000
retention	one_crashed_n30	poll@100ms_c24_healthy	lag_t0_bytes	0.000000
retention	one_crashed_n30	poll@100ms_c24_healthy	lag_t5_bytes	208.000000
retention	one_crashed_n30	poll@100ms_c24_healthy	lag_t10_bytes	416.000000
retention	one_crashed_n30	poll@100ms_c24_healthy	lag_t15_bytes	208.000000
retention	one_crashed_n30	poll@100ms_c24_healthy	lag_t20_bytes	624.000000
retention	one_crashed_n30	poll@100ms_c24_healthy	lag_t25_bytes	416.000000
retention	one_crashed_n30	poll@100ms_c24_healthy	lag_t30_bytes	624.000000
retention	one_crashed_n30	poll@100ms_c24_healthy	lag_t35_bytes	416.000000
retention	one_crashed_n30	poll@100ms_c24_healthy	lag_t40_bytes	208.000000
retention	one_crashed_n30	poll@100ms_c24_healthy	lag_t45_bytes	0.000000
retention	one_crashed_n30	poll@100ms_c24_healthy	lag_t50_bytes	208.000000
retention	one_crashed_n30	poll@100ms_c24_healthy	lag_t55_bytes	0.000000
retention	one_crashed_n30	poll@100ms_c24_healthy	lag_t60_bytes	208.000000
retention	one_crashed_n30	poll@100ms_c24_healthy	lag_t65_bytes	208.000000
retention	one_crashed_n30	poll@100ms_c24_healthy	lag_t70_bytes	208.000000
retention	one_crashed_n30	poll@100ms_c24_healthy	lag_t75_bytes	624.000000
retention	one_crashed_n30	poll@100ms_c24_healthy	lag_t80_bytes	1664.000000
retention	one_crashed_n30	poll@100ms_c24_healthy	lag_t85_bytes	440.000000
retention	one_crashed_n30	poll@100ms_c24_healthy	lag_t90_bytes	416.000000
retention	one_crashed_n30	poll@100ms_c24_healthy	lag_end_bytes	416.000000
retention	one_crashed_n30	poll@100ms_c24_healthy	lag_max_bytes	1664.000000
retention	one_crashed_n30	poll@100ms_c25_healthy	lag_t0_bytes	0.000000
retention	one_crashed_n30	poll@100ms_c25_healthy	lag_t5_bytes	208.000000
retention	one_crashed_n30	poll@100ms_c25_healthy	lag_t10_bytes	208.000000
retention	one_crashed_n30	poll@100ms_c25_healthy	lag_t15_bytes	208.000000
retention	one_crashed_n30	poll@100ms_c25_healthy	lag_t20_bytes	624.000000
retention	one_crashed_n30	poll@100ms_c25_healthy	lag_t25_bytes	416.000000
retention	one_crashed_n30	poll@100ms_c25_healthy	lag_t30_bytes	624.000000
retention	one_crashed_n30	poll@100ms_c25_healthy	lag_t35_bytes	416.000000
retention	one_crashed_n30	poll@100ms_c25_healthy	lag_t40_bytes	208.000000
retention	one_crashed_n30	poll@100ms_c25_healthy	lag_t45_bytes	0.000000
retention	one_crashed_n30	poll@100ms_c25_healthy	lag_t50_bytes	208.000000
retention	one_crashed_n30	poll@100ms_c25_healthy	lag_t55_bytes	0.000000
retention	one_crashed_n30	poll@100ms_c25_healthy	lag_t60_bytes	208.000000
retention	one_crashed_n30	poll@100ms_c25_healthy	lag_t65_bytes	208.000000
retention	one_crashed_n30	poll@100ms_c25_healthy	lag_t70_bytes	208.000000
retention	one_crashed_n30	poll@100ms_c25_healthy	lag_t75_bytes	624.000000
retention	one_crashed_n30	poll@100ms_c25_healthy	lag_t80_bytes	1664.000000
retention	one_crashed_n30	poll@100ms_c25_healthy	lag_t85_bytes	440.000000
retention	one_crashed_n30	poll@100ms_c25_healthy	lag_t90_bytes	416.000000
retention	one_crashed_n30	poll@100ms_c25_healthy	lag_end_bytes	416.000000
retention	one_crashed_n30	poll@100ms_c25_healthy	lag_max_bytes	1664.000000
retention	one_crashed_n30	poll@100ms_c26_healthy	lag_t0_bytes	0.000000
retention	one_crashed_n30	poll@100ms_c26_healthy	lag_t5_bytes	208.000000
retention	one_crashed_n30	poll@100ms_c26_healthy	lag_t10_bytes	208.000000
retention	one_crashed_n30	poll@100ms_c26_healthy	lag_t15_bytes	0.000000
retention	one_crashed_n30	poll@100ms_c26_healthy	lag_t20_bytes	624.000000
retention	one_crashed_n30	poll@100ms_c26_healthy	lag_t25_bytes	416.000000
retention	one_crashed_n30	poll@100ms_c26_healthy	lag_t30_bytes	624.000000
retention	one_crashed_n30	poll@100ms_c26_healthy	lag_t35_bytes	416.000000
retention	one_crashed_n30	poll@100ms_c26_healthy	lag_t40_bytes	208.000000
retention	one_crashed_n30	poll@100ms_c26_healthy	lag_t45_bytes	0.000000
retention	one_crashed_n30	poll@100ms_c26_healthy	lag_t50_bytes	208.000000
retention	one_crashed_n30	poll@100ms_c26_healthy	lag_t55_bytes	0.000000
retention	one_crashed_n30	poll@100ms_c26_healthy	lag_t60_bytes	208.000000
retention	one_crashed_n30	poll@100ms_c26_healthy	lag_t65_bytes	208.000000
retention	one_crashed_n30	poll@100ms_c26_healthy	lag_t70_bytes	208.000000
retention	one_crashed_n30	poll@100ms_c26_healthy	lag_t75_bytes	624.000000
retention	one_crashed_n30	poll@100ms_c26_healthy	lag_t80_bytes	1664.000000
retention	one_crashed_n30	poll@100ms_c26_healthy	lag_t85_bytes	440.000000
retention	one_crashed_n30	poll@100ms_c26_healthy	lag_t90_bytes	416.000000
retention	one_crashed_n30	poll@100ms_c26_healthy	lag_end_bytes	416.000000
retention	one_crashed_n30	poll@100ms_c26_healthy	lag_max_bytes	1664.000000
retention	one_crashed_n30	poll@100ms_c27_healthy	lag_t0_bytes	0.000000
retention	one_crashed_n30	poll@100ms_c27_healthy	lag_t5_bytes	0.000000
retention	one_crashed_n30	poll@100ms_c27_healthy	lag_t10_bytes	208.000000
retention	one_crashed_n30	poll@100ms_c27_healthy	lag_t15_bytes	0.000000
retention	one_crashed_n30	poll@100ms_c27_healthy	lag_t20_bytes	624.000000
retention	one_crashed_n30	poll@100ms_c27_healthy	lag_t25_bytes	416.000000
retention	one_crashed_n30	poll@100ms_c27_healthy	lag_t30_bytes	624.000000
retention	one_crashed_n30	poll@100ms_c27_healthy	lag_t35_bytes	416.000000
retention	one_crashed_n30	poll@100ms_c27_healthy	lag_t40_bytes	208.000000
retention	one_crashed_n30	poll@100ms_c27_healthy	lag_t45_bytes	0.000000
retention	one_crashed_n30	poll@100ms_c27_healthy	lag_t50_bytes	208.000000
retention	one_crashed_n30	poll@100ms_c27_healthy	lag_t55_bytes	0.000000
retention	one_crashed_n30	poll@100ms_c27_healthy	lag_t60_bytes	208.000000
retention	one_crashed_n30	poll@100ms_c27_healthy	lag_t65_bytes	208.000000
retention	one_crashed_n30	poll@100ms_c27_healthy	lag_t70_bytes	208.000000
retention	one_crashed_n30	poll@100ms_c27_healthy	lag_t75_bytes	624.000000
retention	one_crashed_n30	poll@100ms_c27_healthy	lag_t80_bytes	1664.000000
retention	one_crashed_n30	poll@100ms_c27_healthy	lag_t85_bytes	440.000000
retention	one_crashed_n30	poll@100ms_c27_healthy	lag_t90_bytes	416.000000
retention	one_crashed_n30	poll@100ms_c27_healthy	lag_end_bytes	416.000000
retention	one_crashed_n30	poll@100ms_c27_healthy	lag_max_bytes	1664.000000
retention	one_crashed_n30	poll@100ms_c28_healthy	lag_t0_bytes	0.000000
retention	one_crashed_n30	poll@100ms_c28_healthy	lag_t5_bytes	0.000000
retention	one_crashed_n30	poll@100ms_c28_healthy	lag_t10_bytes	208.000000
retention	one_crashed_n30	poll@100ms_c28_healthy	lag_t15_bytes	0.000000
retention	one_crashed_n30	poll@100ms_c28_healthy	lag_t20_bytes	208.000000
retention	one_crashed_n30	poll@100ms_c28_healthy	lag_t25_bytes	0.000000
retention	one_crashed_n30	poll@100ms_c28_healthy	lag_t30_bytes	208.000000
retention	one_crashed_n30	poll@100ms_c28_healthy	lag_t35_bytes	416.000000
retention	one_crashed_n30	poll@100ms_c28_healthy	lag_t40_bytes	208.000000
retention	one_crashed_n30	poll@100ms_c28_healthy	lag_t45_bytes	0.000000
retention	one_crashed_n30	poll@100ms_c28_healthy	lag_t50_bytes	208.000000
retention	one_crashed_n30	poll@100ms_c28_healthy	lag_t55_bytes	0.000000
retention	one_crashed_n30	poll@100ms_c28_healthy	lag_t60_bytes	208.000000
retention	one_crashed_n30	poll@100ms_c28_healthy	lag_t65_bytes	208.000000
retention	one_crashed_n30	poll@100ms_c28_healthy	lag_t70_bytes	208.000000
retention	one_crashed_n30	poll@100ms_c28_healthy	lag_t75_bytes	624.000000
retention	one_crashed_n30	poll@100ms_c28_healthy	lag_t80_bytes	1664.000000
retention	one_crashed_n30	poll@100ms_c28_healthy	lag_t85_bytes	440.000000
retention	one_crashed_n30	poll@100ms_c28_healthy	lag_t90_bytes	416.000000
retention	one_crashed_n30	poll@100ms_c28_healthy	lag_end_bytes	416.000000
retention	one_crashed_n30	poll@100ms_c28_healthy	lag_max_bytes	1664.000000
retention	one_crashed_n30	poll@100ms_c29_healthy	lag_t0_bytes	0.000000
retention	one_crashed_n30	poll@100ms_c29_healthy	lag_t5_bytes	0.000000
retention	one_crashed_n30	poll@100ms_c29_healthy	lag_t10_bytes	208.000000
retention	one_crashed_n30	poll@100ms_c29_healthy	lag_t15_bytes	0.000000
retention	one_crashed_n30	poll@100ms_c29_healthy	lag_t20_bytes	624.000000
retention	one_crashed_n30	poll@100ms_c29_healthy	lag_t25_bytes	416.000000
retention	one_crashed_n30	poll@100ms_c29_healthy	lag_t30_bytes	624.000000
retention	one_crashed_n30	poll@100ms_c29_healthy	lag_t35_bytes	416.000000
retention	one_crashed_n30	poll@100ms_c29_healthy	lag_t40_bytes	208.000000
retention	one_crashed_n30	poll@100ms_c29_healthy	lag_t45_bytes	0.000000
retention	one_crashed_n30	poll@100ms_c29_healthy	lag_t50_bytes	208.000000
retention	one_crashed_n30	poll@100ms_c29_healthy	lag_t55_bytes	0.000000
retention	one_crashed_n30	poll@100ms_c29_healthy	lag_t60_bytes	208.000000
retention	one_crashed_n30	poll@100ms_c29_healthy	lag_t65_bytes	208.000000
retention	one_crashed_n30	poll@100ms_c29_healthy	lag_t70_bytes	208.000000
retention	one_crashed_n30	poll@100ms_c29_healthy	lag_t75_bytes	624.000000
retention	one_crashed_n30	poll@100ms_c29_healthy	lag_t80_bytes	1664.000000
retention	one_crashed_n30	poll@100ms_c29_healthy	lag_t85_bytes	440.000000
retention	one_crashed_n30	poll@100ms_c29_healthy	lag_t90_bytes	416.000000
retention	one_crashed_n30	poll@100ms_c29_healthy	lag_end_bytes	416.000000
retention	one_crashed_n30	poll@100ms_c29_healthy	lag_max_bytes	1664.000000
